,row,output,mse,is_alpha_credible,log_lik,c_mean,c_var,post_mean,cost,status,post_var,y_test,ls_dim_1,ls_dim_2
0,0,f_1,26036.14936285987,0.0,-34.17061712316442,82.25915527846001,4454.416615989551,167.85829729640272,25.89651480551187,Converged,430.79297586428083,6.5010868505727215,4.646475838964696,21978.107535998734
1,1,f_1,8407.679932304476,0.0,-16.38059486066767,63.01754980279608,4248.138410248692,106.47964361098929,26.26807969389175,Converged,334.83840016093063,14.786241818360413,24.27653231833669,5.360607962049731
2,2,f_1,16338.670845034645,0.0,-59.02906840765245,20.769648498269174,146.89083449368454,20.756314464751078,19.567815109561398,Converged,146.89010500133918,148.57912481186654,6.865314027910642,0.16124082889329935
3,3,f_1,376.93401662506136,1.0,-4.890533338149693,48.78330838860471,2913.2840709289244,49.0489139752854,26.874379244689198,Converged,2408.2961905281854,29.634125369043474,3.278919666647044,3.7976239681014907
4,4,f_1,99.67747931342977,1.0,-4.8004793957116565,44.429041141210476,2868.0687626112162,29.733264717490243,26.970239566817263,Converged,2250.2239700504083,39.71712565970242,2.755897145545949,3.957741453566948
5,5,f_1,1042.8778505146634,1.0,-5.053518573544251,49.52715005164799,2669.4711241328823,45.50339730384107,26.79624083778615,Converged,2620.8074403010405,13.209777957061998,2.3819274073772734,2.4329942182544038
