,row,output,c_mean,c_var,status,cost,ls_dim_1,ls_dim_2,ls_dim_3,ls_dim_4,ls_dim_5,ls_dim_6,ls_dim_7,ls_dim_8
0,-1,f_1,135.99251911883758,52537.15598241683,Converged,213.4765028888259,0.2692262630215683,280834.8880196434,295579.9502902383,1088.9815935722154,53504.51697989988,1024.8741275375592,4455.712692954328,31945.24958141672
