,row,output,c_mean,c_var,status,cost,ls_dim_1,ls_dim_2,ls_dim_3,ls_dim_4,ls_dim_5,ls_dim_6,ls_dim_7,ls_dim_8
0,-1,f_1,167.5682692655829,79348.63978303972,Converged,145.54825027315897,0.270523859618675,275163.3829767686,291845.1447416478,1459.5102082751582,3330.4453805426297,1384.6838290138182,3241.757633983813,11973.503839008301
