,row,output,c_mean,c_var,status,cost,ls_dim_1,ls_dim_2,ls_dim_3,ls_dim_4,ls_dim_5,ls_dim_6,ls_dim_7,ls_dim_8
0,-1,f_1,287.2423929362561,59704.0748497434,Converged,98.31400496834404,0.23889341100502964,266796.59759525384,285432.8205340294,872.3702874537867,12907.257065383581,802.1147647494362,5838.220617197391,13797.852665995106
