,row,output,c_mean,c_var,status,cost,ls_dim_1,ls_dim_2,ls_dim_3,ls_dim_4,ls_dim_5,ls_dim_6,ls_dim_7,ls_dim_8
0,-1,f_1,187.2929783803829,47609.44295232293,Converged,317.7340693293265,0.2879915601885629,281685.54810925294,296782.1237407243,1076.987289439798,68353.7096993565,1094.288102698514,3571.727205463109,29519.499977545674
