,row,output,c_mean,c_var,status,cost,ls_dim_1,ls_dim_2
0,-1,f_1,48.072163548554464,2515.401408247828,Converged,31.711959133181637,3.4557128818817193,4.6485115375974555
