,row,output,c_mean,c_var,status,cost,ls_dim_1,ls_dim_2
0,-1,f_1,79.4524784603273,3306.5815606166907,Converged,52.37178043441803,4.723129669771665,3.577408877959961
