,row,output,c_mean,c_var,status,cost,ls_dim_1,ls_dim_2
0,-1,f_1,108.77666333255539,9315.87861556246,Converged,87.22271042029921,6.615382501434964,13.451787221774955
