,row,output,c_mean,c_var,status,cost,ls_dim_1,ls_dim_2
0,-1,f_1,472.28932166261774,72611.97834319217,Converged,133.48034441633956,11.416046039490542,36.916866710218414
