,row,output,c_mean,c_var,status,cost,ls_dim_1,ls_dim_2,ls_dim_3,ls_dim_4,ls_dim_5,ls_dim_6,ls_dim_7,ls_dim_8
0,-1,f_1,17100.369361970847,208321829.90173504,Converged,156.51481966826327,63592.93886429904,64073.57940451984,64130.938126775945,554255.8176714404,551676.9830892879,526263.3723028192,529453.7331408323,505749.75292591576
1,-1,g_1,1.4649888586016873,2.1375232458530693,Converged,-9.374799587800613,54080.35903214278,48366.31263675529,49123.865078239745,1662.4970365339673,7599.2022494587545,1621.4258672164142,7625.490067081945,7832.148868473299
2,-1,g_2,0.15422148704086858,8.980110704245197,Converged,1.961623284690564,54038.39727373456,48331.2104683186,49100.23637744426,3768.59130423195,3913.3220764627013,7391.113174817529,3847.3421371110094,7495.737335172926
3,-1,g_3,1.1691977509371323,108.31996585723039,Converged,29.391961375209647,53973.25318584115,48255.06665124331,49025.75891383725,6487.319696031154,3438.050938575655,6768.901145511642,6666.313100719632,3512.613093985573
4,-1,g_4,239645.1074773275,14798865759542.506,Converged,329.4108881600738,16450.886792655336,33020963.365476027,31601600.59097756,12288.579211980095,29477708.58397182,1633.1682240352445,28383516.01910905,31290200.63439201
5,-1,g_5,-92216.3365686207,15313319000169.11,Converged,355.91334181393603,78501.76700786868,13309.077157657392,73630.14187572048,1721.3901177128678,10107.059082418229,72525.75906626662,2030.0725434235392,72182.71765637628
6,-1,g_6,-630744.2237595194,21420507594446.188,Converged,350.69445528709736,3856764.143203752,4920282.298089937,11520.356202389201,6963726.860893583,2115.698202478457,6360891.400265557,5782233.72616063,1819.7613706180214
