,row,output,c_mean,c_var,status,cost,ls_dim_1,ls_dim_2,ls_dim_3,ls_dim_4,ls_dim_5,ls_dim_6,ls_dim_7,ls_dim_8
0,-1,f_1,15955.729709594736,132963442.86704424,Converged,201.68456882300444,78737.23950698755,75266.6444646711,74953.98408927936,17026045.988091707,17635396.96668333,18197870.00378301,17436442.037788652,16932875.461653166
1,-1,g_1,1.3718630833157772,2.384063021712469,Converged,-40.60679947724336,55265.060995326785,49864.61279986044,50238.03617534785,2770.5567639696974,7849.012214277634,2594.8628928280054,7823.3405350518215,7579.776738390074
2,-1,g_2,-131.37073919854205,145468.371689052,Errorb'ABNORMAL_TERMINATION_IN_LNSRCH',-182.91529081020212,8730630.144671278,8788702.449658636,9137477.368643051,628581.3733056341,497230.18955515465,46994867.072482355,1918009.147546825,48170018.76551893
3,-1,g_3,-1.038436745227303,61.21761573432452,Converged,20.58249842450969,55175.60385159716,49788.13728836788,50172.66610571467,6990.4633556930385,3678.317094576839,6908.364502043196,6880.755507682905,3407.7139722399806
4,-1,g_4,-1205001.1604569035,10632385042967.857,Converged,505.1178232553651,18418.28663678196,75440465.2501575,81757871.122911,13526.130343459745,80717463.95932586,1782.1298667697683,74982114.74446324,77036728.06094046
5,-1,g_5,-763605.6725321098,14867462115462.168,Converged,557.7595575596976,14459448.692854121,12781.968626789954,15737013.462486051,2111.5744878039636,8666.888424880357,17841301.061657827,1992.8881478208868,16465961.877456278
6,-1,g_6,668026.5518910424,15769804004549.275,Converged,547.0465211160227,35429421.80966509,39625561.08671002,12946.868514733296,56207175.13337598,2183.6821722299287,58878395.38773795,59592227.59908402,2135.7969384377116
