,row,output,c_mean,c_var,status,cost,ls_dim_1,ls_dim_2,ls_dim_3,ls_dim_4,ls_dim_5,ls_dim_6,ls_dim_7,ls_dim_8
0,-1,f_1,152469.4971234748,2878493736.5347314,Converged,-108.6058572081007,867184.3532828736,508887.0489184829,1028071.3158640718,124140761204.92532,122098571620.99165,123305706892.85086,124669739377.72076,126228654250.03737
1,-1,g_1,1.4614847912128859,1.2801103571164305,Converged,-479.76241142514016,56701.47948579533,51749.250732832035,51800.04206330468,3048.7581723197272,13195.855596860001,3857.936921728789,13544.400575743468,13251.980061143127
2,-1,g_2,-6.121076088121962,70.03226374228608,Converged,-604.5666782760406,126248.57223929731,128178.93781642751,127684.27556832854,46094.24091841506,43759.915881575536,523816.050563319,47183.13332386186,525114.6804219319
3,-1,g_3,-122.62644436568185,3316.3094523266523,Converged,-910.8487793233803,704058.0662750105,756177.8398306849,761417.3236487408,4250104.811081625,88620.60784906393,4187999.164646391,4263117.894709303,88716.71498350313
4,-1,g_4,-2433932.576546222,126061075929525.34,Converged,1443.9141114319455,49905.39742640247,29624589.837636486,29908759.54179704,108429.02621256998,21477446.92362535,6941.603876251903,21558207.147989824,21658496.443281054
5,-1,g_5,811107.9035560583,204896018405681.94,Converged,1700.1199925736933,9535702006.431831,28380.42090760459,9629289544.615238,10510.29091171543,70723.47915782749,7464820950.339867,10200.723810909842,7570252626.487656
6,-1,g_6,1529527.1657055595,210874989352473.3,Converged,1632.556461524278,4296551084.499834,4506481226.271013,27719.414481444634,6493301057.575088,11238.908158040573,6576342917.647312,6605447501.455973,11162.56962234619
