,row,output,c_mean,c_var,status,cost,ls_dim_1,ls_dim_2,ls_dim_3,ls_dim_4,ls_dim_5,ls_dim_6,ls_dim_7,ls_dim_8
0,-1,f_1,16953.996013722997,78932880.90892674,Converged,295.3591010495753,85155.44041596427,85378.76285677175,84817.78199635341,31041928.716185514,29440976.78733097,29552176.760482464,31105673.62786124,30727831.662343424
1,-1,g_1,3.1161307414234494,173.59843710466942,Converged,-197.8650603846246,97134.6477905107,96348.49667939657,96490.27072055168,50556.72937347245,245629.36511171545,54962.22256671479,237649.67090269603,235057.47522161875
2,-1,g_2,1.7842094495546452,30.65854003640773,Converged,-213.92551105265682,127756.85097097284,129831.70777044324,128423.1497399223,16033.487853461547,8792.263179494463,474762.3490630142,25487.96828926936,485240.759475926
3,-1,g_3,-1.6452503859274816,31.38703548960175,Converged,-32.77458873053679,55151.28382126937,50687.77937698447,50697.76202473909,7503.54478267601,3817.9890865459997,7548.6779797118525,7528.77637034082,3721.457583742512
4,-1,g_4,-2107897.22452732,224973035940625.1,Converged,850.9037147180568,56175.91154197838,5581238.956855359,5585743.101713285,83240.66799092284,2738798.718479218,5307.9912807986975,2608149.499525562,2631361.0431187255
5,-1,g_5,401639.64666014793,358682148718025.94,Converged,951.5403835059877,1411814698.3467646,30854.415439244804,1368420213.4856615,8977.34102909456,64932.926829953954,1077193382.210739,9217.347199088323,1102376395.9325418
6,-1,g_6,1123484.747517407,369243992997545.3,Converged,926.0330362691371,1575537046.900976,1651281729.8105502,29942.372727845042,2428710591.5092893,9984.41523123142,2492908093.251177,2417653984.682127,9687.166462007328
