,row,output,c_mean,c_var,status,cost,ls_dim_1,ls_dim_2,ls_dim_3,ls_dim_4,ls_dim_5,ls_dim_6,ls_dim_7,ls_dim_8
0,-1,g_4,90757212.90717411,4.409386173421508e+16,Converged,2980.8236210633577,17598.018459781088,16015.71712466116,16034.460610798069,1813.0015344340682,1789.1318346983953,1449.478225570163,1850.3476572062484,1868.7509234689453
1,-1,g_5,66206590.464202225,8.435809901319946e+16,Converged,3034.445766313043,17623.815770133035,16004.654941553745,16035.34973408309,1547.3700615339803,1784.3984592014158,1839.3972387011638,1518.0517206730578,1822.4023166786053
2,-1,g_6,-32964770.619789843,8.469571273755542e+16,Converged,2885.730793139658,496102.5925578847,478202.92813025316,13436.676986359984,1230337.0216896585,745.4147043529958,1424890.7720610728,1183363.785398904,480.4730210681281
