,row,output,c_mean,c_var,status,cost,ls_dim_1,ls_dim_2,ls_dim_3,ls_dim_4,ls_dim_5,ls_dim_6,ls_dim_7,ls_dim_8
0,-1,g_4,-6.277083041381994,132.8921232174028,Converged,283.3572922750803,5489.167599460129,5057.489854008976,5061.238835961983,575.0778137720185,668.1105517792762,241.31139295544244,599.681149819408,528.246352307602
1,-1,g_5,1.7061819947999444,164.69631896475133,Converged,277.4395120188183,26178.799331261744,5896.074100679244,21428.44656975264,265.4641275489706,744.1454817480771,44653.91157856057,231.2313893710222,48849.637162885214
2,-1,g_6,-1.0502106144222128,125.51510235548298,Converged,233.44059790991108,4637391.037067125,5737494.51346615,6057.184539602573,24081739.10966323,382.65573365498807,20841641.131303146,22660062.49391916,193.16944017757652
