,row,output,c_mean,c_var,status,cost,ls_dim_1,ls_dim_2,ls_dim_3,ls_dim_4,ls_dim_5,ls_dim_6,ls_dim_7,ls_dim_8
0,-1,g_4,20604765.2069986,3.358197291488448e+16,Converged,1458.4202535776878,7955.646568205399,26762.68577446392,23431.518718957956,2718.2638282400458,32176.18104700625,862.6749463543314,23273.80432288661,21434.130170712455
1,-1,g_5,37525582.64436536,6.668819240447365e+16,Converged,1537.3615577316737,17383.019249840716,15941.407592485672,15960.855563846837,1529.283508704245,1781.4463435789999,1789.6513744107403,1508.9133306448707,1837.8529963529065
2,-1,g_6,-2203277.680491872,6.542493080200433e+16,Converged,1535.8283138310355,17383.6779625836,15964.32040802955,15939.642696756215,1786.1564403443326,1506.5675126692074,1848.0104292730498,1845.5834889118837,1564.177935127675
