,row,output,c_mean,c_var,status,cost,ls_dim_1,ls_dim_2,ls_dim_3,ls_dim_4,ls_dim_5,ls_dim_6,ls_dim_7,ls_dim_8
0,-1,g_4,-2.859285885697629,140.66930962382168,Converged,548.7134588131431,5566.774801479086,5066.433223322664,5077.834667920422,623.6666407516193,595.8142334517989,250.92930955279326,659.4136886814007,642.2241562844366
1,-1,g_5,0.22688798277760971,184.971856519254,Converged,521.8842853978366,6915542.310696877,6039.715368206906,22537.2885361783,226.68044564949028,873.3233221814119,15905376.257837461,217.5037060022652,13346642.966434902
2,-1,g_6,0.7151282583529489,127.38538158829505,Converged,496.9421151557316,47966.11893199811,64227.28917587714,4008.000600919026,247867.20273111272,172.2084860280417,315689.2580082972,257085.407557922,165.24685647582183
