,row,output,c_mean,c_var,status,cost,ls_dim_1,ls_dim_2,ls_dim_3,ls_dim_4,ls_dim_5,ls_dim_6,ls_dim_7,ls_dim_8
0,-1,g_4,-22402900.05435744,2.7876267718615516e+16,Converged,764.3059113795498,17387.672883417377,15700.978040601172,15824.693681644894,1788.9242654461634,1756.6228510534577,1449.3084570792626,1774.8497973029182,1820.0013072766076
1,-1,g_5,50009117.593158,5.314247419493372e+16,Converged,758.5368206911044,42105.984376994194,25356.670201213594,45533.19671172325,1247.5103869735228,42192.988975742395,37478.31037248036,447.5226064853266,38370.57634323352
2,-1,g_6,-64504570.28155038,5.383626629981835e+16,Converged,777.3415478462707,17413.462459132184,15704.115057178258,15792.343362920228,1760.8813619422194,1564.9210204302303,1897.2755009340158,1839.8150897195592,1456.2490418307623
