,row,output,c_mean,c_var,status,cost,ls_dim_1,ls_dim_2,ls_dim_3,ls_dim_4,ls_dim_5,ls_dim_6,ls_dim_7,ls_dim_8
0,-1,g_4,239645.10756169487,14798865759542.514,Converged,329.41088816009676,16450.88679254736,33020963.219457045,31601600.451226804,12288.57921185941,29477708.453614037,1633.1682240305076,28383515.893593255,31290200.49602039
1,-1,g_5,-92216.33656864295,15313319000169.125,Converged,355.9133418148642,78501.76700782834,13309.077156919098,73630.14187551144,1721.39011781616,10107.059084107532,72525.75906777545,2030.0725435325298,72182.717657898
2,-1,g_6,-630744.2237595593,21420507594446.19,Converged,350.6944552870988,3856764.1430201,4920282.297858553,11520.356202300223,6963726.860569938,2115.698202485791,6360891.399968747,5782233.725890656,1819.7613706170396
