,row,output,c_mean,c_var,status,cost,ls_dim_1,ls_dim_2,ls_dim_3,ls_dim_4,ls_dim_5,ls_dim_6,ls_dim_7,ls_dim_8
0,-1,g_4,-7.653460269412426,119.17520990030323,Converged,146.06914172607705,5499.282199883533,4963.745251119216,5003.306590586641,567.5842031898342,575.3897534607994,495.24232444400513,543.2772939191196,583.8722065261856
1,-1,g_5,-2.628952136617937,160.34699285219975,Converged,126.16766659333751,6098911.415499058,8283.200637416896,9044926.6804907,609.1511495920219,24862798.97759022,20274529.025168765,181.32275310272445,23088335.21415791
2,-1,g_6,1.3186643790367507,170.5227944256079,Converged,130.98808750725078,4053227.1791751995,2958811.1822336176,5111.433967183531,22435247.30091357,875.5062518990163,26278365.41428863,22890961.668752264,152.33704805668032
