,row,output,c_mean,c_var,status,cost,ls_dim_1,ls_dim_2,ls_dim_3,ls_dim_4,ls_dim_5,ls_dim_6,ls_dim_7,ls_dim_8
0,-1,g_4,13617041.048914265,3.6029475882196696e+16,Converged,455.3092020784655,12215.829129675283,82647.75616247169,76622.65673487408,1098.25778709637,24219.232904616594,945.6308531121776,41070.23966254231,78568.30240141042
1,-1,g_5,4662460.59538335,5.0253281324977816e+16,Converged,458.39893797452794,8189691.967704336,8611.525349310848,6910787.08107366,777.8290838841518,9080617.957097579,17246023.936621513,917.6069412449277,17031572.87815234
2,-1,g_6,-179840.86505739135,4.476357554806072e+16,Converged,455.5394057714589,6239014.218849705,7907395.677072074,8322.553219472651,14176215.603176765,1486.0360890778927,23669131.920732163,22889764.8759664,805.6404254673332
