,row,output,c_mean,c_var,status,cost,ls_dim_1,ls_dim_2,ls_dim_3,ls_dim_4
0,-1,f_1,113.80878926307282,53329.818232040285,Converged,55.14166457522707,9.252211757351613,14.225459926265618,142.26204114018256,98.97491072156546
1,-1,f_2,0.6728166338489536,1.0486005214242984,Converged,0.04452446975444602,128335.74014217073,105301.54024078647,4.726145938921398,8.38816724114956
2,-1,g_1,13590.29689649854,182.48812583902384,Converged,43.78843397743809,6.210888766166727,22573.268357818688,6.271489603445672,0.9515394029146971
3,-1,g_2,29846.964227035292,23437.340855555693,Converged,70.29707017878708,1273.0164143201825,1628.2251204694542,3.0475999508493192,3.4229740698511044
4,-1,g_3,271.44654062560363,147285.26891300664,Errorb'ABNORMAL_TERMINATION_IN_LNSRCH',-44.510832466502464,1615.3397542668479,885870.1995134437,931489.9694553188,1686.4908262255387
5,-1,g_4,15939352.943784662,267865671672693.34,Converged,197.34925284774542,73042.91582539132,42075.26118268284,15.960527427992668,3.2137018047321826
