,row,output,c_mean,c_var,status,cost,ls_dim_1,ls_dim_2,ls_dim_3,ls_dim_4
0,-1,f_1,156.71636338668577,196667.93414718323,Converged,153.91381719381275,15.09545059949972,48.94601356652858,102.7817708879807,54.281662190208735
1,-1,f_2,49.70147781931534,5742.2827546364115,Converged,281.6913073071552,3.8496054147174914,5.599682381585289,9.797607929058406,148516.8207643153
2,-1,g_1,13581.360460398948,441.92945100612013,Converged,286.47083436205514,1.4987910244682094,3.9660505814822957,30.915299217956463,1.8117403085013306
3,-1,g_2,29461.172536224745,1280929.810313947,Converged,579.0115754126906,5.7733348726735265,8467.975395369624,0.6527395524604336,36.67063471514905
4,-1,g_3,-33.77783187603648,3557.4937673427044,Converged,-661.6817820604501,565.213071031225,5985.175199204031,6081.862207629359,722.8542041297268
5,-1,g_4,52998664.706747815,2.5818544981045096e+16,Converged,1025.973330102524,845519.8352272508,765042.0583584846,58.042823885204704,14.245420658562084
