,row,output,c_mean,c_var,status,cost,ls_dim_1,ls_dim_2,ls_dim_3,ls_dim_4
0,-1,f_1,220.60870259448194,269055.57388623565,Converged,124.03962595106692,13.915604406996083,46.45348897130247,112.11321574589016,44.94471028354316
1,-1,f_2,168.48105264237384,100593.73557942103,Converged,201.72971825844516,3.897370240926543,12.778529377472504,11.786340185715227,13489.866679058638
2,-1,g_1,13582.655480007716,491.5251630869638,Converged,152.61438616319634,2.674442806874637,6.999968173385646,1597.0799389208114,0.9771394595577008
3,-1,g_2,25782.758648368228,108920470.88940768,Converged,340.26895221889123,12.745132461652128,13.258386230384827,4.779304453757434,10879.412275152565
4,-1,g_3,14.592228096168814,14885.248841176082,Errorb'ABNORMAL_TERMINATION_IN_LNSRCH',-286.77152098127095,817.7650521785831,18307.17786656123,16530.139385280483,1067.71320018767
5,-1,g_4,77504865.2835666,3.0119291836793812e+16,Converged,566.998600881273,10917650.727836438,9254328.737134876,55.1337390222117,13.224963185604974
