,row,output,c_mean,c_var,status,cost,ls_dim_1,ls_dim_2,ls_dim_3,ls_dim_4
0,-1,f_1,89.91129466263243,268465.6632836899,Converged,84.15844099686987,12.20234935735303,35.72684016565755,109.71659925743283,63.38548245276196
1,-1,f_2,1.5347660179514777,40.48278188498958,Converged,65.38746409235227,0.12004901726115769,0.30140854510815696,0.3145438993964288,0.08890973238714757
2,-1,g_1,13573.515832730967,1848.5387480543864,Converged,84.6278703495054,3.9657908064136502,2.3667652099347407,18240.721919180618,21585.321618464528
3,-1,g_2,29453.2566503975,387514.2575992441,Converged,135.70640854704538,128206388.05797789,182652949.1621216,1.269157163050433,371746394.1929933
4,-1,g_3,106.78330885480236,31855.706073066736,Converged,-105.5555551758195,1139.3561632688209,226089.31074382347,226009.91629746958,999.2488047977763
5,-1,g_4,27430023.001429543,836464047760827.8,Converged,317.8326242101928,495024.420886244,499195.49434160214,20.1966358291819,4.732872105718642
