,row,output,c_mean,c_var,status,cost,ls_dim_1,ls_dim_2,ls_dim_3,ls_dim_4,ls_dim_5,ls_dim_6,ls_dim_7,ls_dim_8
0,-1,f_1,139.04749095342956,60779.87569818128,Converged,84.49933643816345,0.24201997572825532,15094780652.518797,12319782770.563192,930.2226716343504,15336387.00737962,842.24594642294,4190.350378022737,35447.728894709086
