,row,output,c_mean,c_var,status,cost,ls_dim_1,ls_dim_2,ls_dim_3,ls_dim_4,ls_dim_5,ls_dim_6,ls_dim_7,ls_dim_8
0,-1,f_1,425.82130450858347,1119111.5455176458,Errorb'ABNORMAL_TERMINATION_IN_LNSRCH',143.76073330670658,0.5668933643090494,3300960430.644999,5297377389.988089,2318.7480885477453,3040811.972878903,2425.664944361928,5812.527009633975,53712.18693706022
