,row,output,c_mean,c_var,status,cost,ls_dim_1,ls_dim_2,ls_dim_3,ls_dim_4,ls_dim_5,ls_dim_6,ls_dim_7,ls_dim_8
0,-1,f_1,947.0329482173734,6829114.844680293,Converged,150.6909473955493,0.770043410697651,196572769026.6788,195665837530.84882,3222.8907673508816,194314588.87096718,3703.8949745709483,8062.518127168024,100132.60226466312
