,row,output,c_mean,c_var,status,cost,ls_dim_1,ls_dim_2,ls_dim_3,ls_dim_4,ls_dim_5,ls_dim_6,ls_dim_7,ls_dim_8
0,-1,f_1,194.6898687371486,78735.5677452862,Converged,114.7691644896231,0.2852814855078289,1818691655.8816175,1854001804.2804961,874.7010352674464,149053.8098245625,1030.7091266402815,3251.4514209119343,35239.813871498656
