,row,output,c_mean,c_var,status,cost,ls_dim_1,ls_dim_2
0,-1,f_1,75.74510690128875,2632.1045465506704,Converged,52.4028486042798,4.090821725172186,3.1248315587749884
