,row,output,c_mean,c_var,status,cost,ls_dim_1,ls_dim_2
0,-1,f_1,48.44559951535473,2629.1405332800214,Converged,31.709814814287625,3.557476508743456,4.794902345099669
