,row,output,c_mean,c_var,status,cost,ls_dim_1,ls_dim_2
0,-1,f_1,17707.731959422064,185441040.3461777,Errorb'ABNORMAL_TERMINATION_IN_LNSRCH',118.87619932210632,62.58273964732171,321.7793894969569
