,row,output,c_mean,c_var,status,cost,ls_dim_1,ls_dim_2
0,-1,f_1,108.77604312218624,9315.674371204288,Converged,87.22271042011286,6.615340655134993,13.451697330973262
