,row,output,c_mean,c_var,status,cost,ls_dim_1,ls_dim_2,ls_dim_3,ls_dim_4,ls_dim_5,ls_dim_6,ls_dim_7,ls_dim_8
0,-1,f_1,16400.40955065661,24564428.11382073,Converged,181.6171255333993,21156.73575912771,22843.07532897305,22642.70193473205,282883898.11872876,258493589.79247248,275367149.53695786,275039290.206238,236223503.06119004
1,-1,g_1,12.414993258516619,15963.253532878955,Errorb'ABNORMAL_TERMINATION_IN_LNSRCH',-157.3303231288559,1537612256.6530437,1137198307.5691736,1122047668.3777297,286185.7870029407,114575747.39537561,302234.6638964832,136571181.26782846,139464644.4824394
2,-1,g_2,8.546020628866954,16662.884847425274,Converged,-108.2859829585025,307995271.62851447,263122021.66839558,310734465.73185414,270632.3080387111,254488.76401155558,30079233.842905648,278092.70718229597,30726134.937107265
3,-1,g_3,29.539499849393884,3552.539262167825,Converged,-64.20004147427315,56853758.41571799,49186469.66772372,52457644.12942329,5622603.958182173,37492.27884179782,5660131.32867088,5391724.131244726,50429.55622474643
4,-1,g_4,-1593689.1922097132,4369335596189.2505,Converged,339.4990645965917,10423.717918113816,215509339.62214404,212643146.93421173,6164.064920362814,25393122.758014087,982.9856646965724,25003385.197991513,22228736.46588837
5,-1,g_5,-54033.60179235039,4621471909332.345,Converged,354.32734181605196,147426169.85863304,8626.611521363831,113226999.61054549,938.9303303711571,3169.2143863531264,12054900.175164925,998.8996081018338,15677943.635033023
6,-1,g_6,117057.64433271016,7447367435054.258,Converged,358.62687890290357,69001188.27372697,67328947.81420416,8219.08303482568,7418241.016616969,1397.8239397357197,7081820.391474744,6197305.973419413,1033.4067139314611
