,row,output,c_mean,c_var,status,cost,ls_dim_1,ls_dim_2,ls_dim_3,ls_dim_4,ls_dim_5,ls_dim_6,ls_dim_7,ls_dim_8
0,-1,f_1,16032.144389528765,20576974.554582298,Converged,468.2937116900306,62625.12482897789,61432.32253106729,62285.62970787489,75444165.78696685,77655291.27239469,78912953.15466332,75871043.29687771,77268801.84806739
1,-1,g_1,42.787766711154426,224.4700391469159,Errorb'ABNORMAL_TERMINATION_IN_LNSRCH',-1536.354106657876,18598148.715126462,17748836.50437191,17785065.42565953,89416.1270328642,1897688.89097706,87006.82513026288,1987172.1261634731,1922648.9428550163
2,-1,g_2,33.4270344859198,721.5677614426373,Errorb'ABNORMAL_TERMINATION_IN_LNSRCH',-1388.6146237118814,19776470.305731066,18439806.327254217,18448530.217271816,137747.33157685565,177264.45135961575,1966976.1124750199,144669.2835966968,2065278.1726781493
3,-1,g_3,-9.859120042868183,2216.354729421313,Converged,-1233.632389495027,12122809.204594022,10681786.656731019,11080741.09297599,1190846.8489369866,71133.91420121407,1222088.7860194282,1191606.1083629543,69723.26958161836
4,-1,g_4,-1796086.6414878848,4704309879227.141,Converged,1602.9615423458004,21995.19393506387,5572934362.565015,5464736282.957082,20956.613185609975,606070784.0163399,2111.912336846189,596970361.8988924,595525251.7043138
5,-1,g_5,12700.917468435622,4649685058919.287,Converged,1914.8515705670818,3002424665.429329,12137.796319084502,2787440446.9702168,2426.240911052303,10517.709550873598,300289618.75472736,2284.5705602916355,303643864.413866
6,-1,g_6,174877.50636415655,4629232455493.036,Converged,1833.6966628761795,4604669410.353873,4170847652.9008164,12132.885462425033,462077559.76079106,2595.3466963490687,469316525.8390927,467206104.14335436,2416.296861595313
