,row,output,c_mean,c_var,status,cost,ls_dim_1,ls_dim_2,ls_dim_3,ls_dim_4,ls_dim_5,ls_dim_6,ls_dim_7,ls_dim_8
0,-1,f_1,16060.916812915093,18666789.70007625,Converged,257.62329231702284,26971.354422146338,26586.86298304246,26545.67556324837,89192023.89945179,101040682.71526243,84650482.15950094,100045144.2119357,94562779.31947505
1,-1,g_1,-122.57642334120479,5060.794485024238,Errorb'ABNORMAL_TERMINATION_IN_LNSRCH',-299.36994481610157,206756763.2597661,171953208.89781755,175739087.17365414,208697.64298268818,21130605.987569194,192929.95193148282,21968715.45004159,20000565.050027497
2,-1,g_2,-50.116903429030565,16779.55050502114,Errorb'ABNORMAL_TERMINATION_IN_LNSRCH',-258.9526332717387,196647426.5166039,168843533.63727102,178465786.67558998,327459.2030873399,282264.9420727649,18795485.33604409,351732.06769067445,19158834.26811962
3,-1,g_3,-95.36542902574706,50855.352660448945,Errorb'ABNORMAL_TERMINATION_IN_LNSRCH',-251.49376277064914,484150076.8504988,386918335.90985787,386235844.52766114,46364427.156356156,180576.57824050542,53469942.92956312,47035916.674814045,163285.96216931488
4,-1,g_4,-1607005.8571570546,3040965659977.511,Converged,524.9998997111852,11805.156865465216,2000794948.5885413,2138811564.493645,6761.301258222868,244471209.10791734,1112.490170623387,235471369.83648705,243916599.05742544
5,-1,g_5,-374357.55103096203,6417845896579.272,Converged,568.8932366908431,315333586.24610436,10104.786997338035,300256286.10459894,1473.9369557154453,5310.132004026633,31467382.52499381,1357.066800863163,29984714.7882961
6,-1,g_6,237844.8447361034,4573954709623.244,Converged,563.3731734467217,276814622.62672156,280268159.0942897,9151.502144391687,27781852.518263735,1254.051434218319,28413309.576113366,26782156.161956523,1222.9920529672297
