,row,output,c_mean,c_var,status,cost,ls_dim_1,ls_dim_2,ls_dim_3,ls_dim_4,ls_dim_5,ls_dim_6,ls_dim_7,ls_dim_8
0,-1,f_1,16626.836000161744,21772277.380147822,Converged,378.2421593543139,42906.152601692454,43954.89370990003,43465.370782795195,2543899189.3573303,2367769431.3493032,2329030094.8816733,2651182215.4893837,2460342182.329369
1,-1,g_1,37.19674972750284,1351.2239107789646,Errorb'ABNORMAL_TERMINATION_IN_LNSRCH',-716.1081219318303,58293348.1173241,51854792.584457956,52555379.5748119,126994.3048851569,5930630.751456011,150757.72988926098,5769932.148296793,5712063.256253248
2,-1,g_2,-27.767239381666112,3158.534936662856,Errorb'ABNORMAL_TERMINATION_IN_LNSRCH',-644.7641685269853,114556598.25991356,102586398.99632713,114606376.5680275,234297.21874422012,229054.38374869115,11955228.302189354,166535.92871670972,12150657.761882236
3,-1,g_3,-3.862943950729838,10124.949111416136,Errorb'ABNORMAL_TERMINATION_IN_LNSRCH',-580.1260280221259,55056478.86403989,46642720.541467406,51193400.004372545,5635880.36789604,129703.68955715721,5666996.998451627,5699803.921212705,120697.99429055673
4,-1,g_4,-1840464.8576807694,4885477338814.866,Converged,919.7345684438857,18163.388369306635,2849655716.9234595,2809371675.2536097,13951.562331095562,312120672.5949678,1670.309846936581,332940988.2789095,309585728.6241639
5,-1,g_5,228143.21170874924,4045882568821.6123,Converged,1061.962604122171,1142580911.5340192,10015.425606836952,990491617.7343985,1703.9541913929593,6531.952167349483,108967320.94463098,1666.9496149931206,106272747.179989
6,-1,g_6,-52632.7936674735,3863449701247.1553,Converged,1029.811145915842,669428549.6148963,592415826.4387293,10177.902847939491,64349604.568318285,1843.878504887635,67505214.47640051,62240025.03517934,1602.665227340924
