,row,output,c_mean,c_var,status,cost,ls_dim_1,ls_dim_2,ls_dim_3,ls_dim_4,ls_dim_5,ls_dim_6,ls_dim_7,ls_dim_8
0,-1,g_4,-7.399406934246087,123.8215673022096,Converged,133.82505311494953,26401566.18019832,42540124.94901827,43937395.52494222,4319390.324291345,5658777.207107677,89.46174638737521,298.563669748074,2529207.777619405
1,-1,g_5,-2.6171615096401832,157.47034390657433,Converged,126.18096950139727,1552290.01878885,8228.257683539985,2301911.0401673773,606.4776159785235,212730.2725337503,34209.47584159778,180.4956933649053,117326.47719449816
2,-1,g_6,1.3191770102168323,170.46817083927186,Converged,130.98782154534575,107836625.87696555,36771900.73976506,5106.198793747256,7890573.359862472,875.3533945010994,11667049.580476167,9418450.86491295,152.41871015162633
