,row,output,c_mean,c_var,status,cost,ls_dim_1,ls_dim_2,ls_dim_3,ls_dim_4,ls_dim_5,ls_dim_6,ls_dim_7,ls_dim_8
0,-1,g_4,-92284363.13676727,6776142031990130.0,Converged,742.7508765557507,5568.4256194463605,13502010.897293469,15133568.080630671,1367.0394352965943,1506234.9404092398,314.8745981849829,1281118.135004934,1319650.6923196781
1,-1,g_5,-13865186.935427878,1.5927935847352148e+16,Converged,747.874452644155,42105103.16116644,13509.091751375696,40134476.44617227,868.0597230773897,3434.914677176782,4053577.690710342,401.41012378275843,4577359.615201569
2,-1,g_6,12214939.793851364,1.4766536429691012e+16,Converged,745.3024630146714,43012470.68660015,36843764.617283165,5347.0294113283135,4154749.8366239355,1043.1527728254307,4672062.181561467,4512733.288313954,567.0590622747809
