,row,output,c_mean,c_var,status,cost,ls_dim_1,ls_dim_2,ls_dim_3,ls_dim_4,ls_dim_5,ls_dim_6,ls_dim_7,ls_dim_8
0,-1,g_4,-81296018.5781082,8982868039793564.0,Converged,456.9804959725157,7187.474900036017,52236628.13894614,73633269.6796693,1518.646533185282,5155266.176448328,443.0037570418247,1637.246673851518,5953939.918575271
1,-1,g_5,10086000.484056005,1.6464264935514326e+16,Converged,456.0210203603908,69602.90900968404,10909.77630930344,14707164.218548497,647.4379320929831,3284.7959008611642,1570542.1283648482,613.3555330394771,1835350.0960816625
2,-1,g_6,5216649.258272433,1.6732301870985992e+16,Converged,455.43853814111685,30568217.10152965,29213330.019858755,6328.738369111248,2334947.9421599237,1094.480097637538,3190873.3917604545,2639371.280019824,624.1569874225994
