,row,output,c_mean,c_var,status,cost,ls_dim_1,ls_dim_2,ls_dim_3,ls_dim_4,ls_dim_5,ls_dim_6,ls_dim_7,ls_dim_8
0,-1,g_4,-6.997088731371868,277.06962214296016,Converged,239.08811616431515,3994.648409932911,40739817.74092902,32533199.82731586,834.3868174245739,5583700.01161283,261.9358371892621,3759137.1630643867,5034835.349180993
1,-1,g_5,1.5708748426503272,196.50130222504592,Converged,274.3797682235239,18432.693663100195,7609.505834393063,1318260.130682923,353.38712515332145,825.4650488814893,2494.571919375067,230.23097427934596,313819.82475725666
2,-1,g_6,-1.0483853002584456,125.3296782153304,Converged,233.44253166867918,3153332.0429085908,3140328.409511066,6055.458767101715,216553.84493313226,382.4695672480309,240324.17642855257,306267.49185027403,193.09827793856056
