,row,output,c_mean,c_var,status,cost,ls_dim_1,ls_dim_2,ls_dim_3,ls_dim_4,ls_dim_5,ls_dim_6,ls_dim_7,ls_dim_8
0,-1,g_4,-91957254.34730679,8829662352863914.0,Converged,1423.3140044238417,5591.915458039211,33040183.364621032,28693935.06139916,1512.937023843591,3240620.9225903014,478.2641160596877,2800800.290611404,2500924.737871529
1,-1,g_5,10670755.496641083,1.3580309607478732e+16,Converged,1491.6758657690216,362122.4482547486,10106.037928364647,256950.68578559833,480.5506232496228,1803.9579868521287,7275.387098538649,443.79506006287795,41561.91612940924
2,-1,g_6,-6884008.286592536,1.3490969625026962e+16,Converged,1462.8698791829545,96751.844795485,773596.5762559925,10117.150394642596,81741.57693681298,618.1424378904579,95089.49551425214,65003.74371063661,387.7888926560581
