,row,output,c_mean,c_var,status,cost,ls_dim_1,ls_dim_2,ls_dim_3,ls_dim_4,ls_dim_5,ls_dim_6,ls_dim_7,ls_dim_8
0,-1,g_4,-6.54668471853344,116.34755498952839,Converged,492.6174665639794,2077.8593557110225,19510.006490016047,8791.731985317361,1009.5523997092886,2821.0014569971413,193.05350760093947,2781.1924505431025,271589.5062089478
1,-1,g_5,0.2218913026626901,184.94896145437195,Converged,521.8842439470351,35645109.79816272,6040.4351234532805,22534.41515583135,226.66158095611968,873.035718354215,4435135.596270492,217.4956189375359,2975362.7332543996
2,-1,g_6,0.6348036263178335,112.04764762506785,Converged,496.0050991128013,13710.591344113984,1304130.264313143,3777.8377681595525,26721.40704428004,305.5940866963306,119934.67144410999,1481.4671651767487,164.87644655953176
