,row,output,c_mean,c_var,status,cost,ls_dim_1,ls_dim_2,ls_dim_3,ls_dim_4,ls_dim_5,ls_dim_6,ls_dim_7,ls_dim_8
0,-1,g_4,-87917265.8539856,9564595737219246.0,Converged,2813.9802593007876,5144.417769454292,200535.6394275041,401977.1015905363,2245.113409516535,10432.31037933475,338.8286336972698,7726.650749745607,95144.30396776677
1,-1,g_5,-520614.2727053982,1.4391316405896758e+16,Converged,2928.955931467396,232379.69029892687,9271.059921770928,205330.309130067,466.602666441771,1624.8935905912717,22196.15563732755,417.5683936619744,19974.239628829357
2,-1,g_6,8378364.078452591,1.4123316023186778e+16,Converged,2873.8606799878476,94093.46689974004,129567909.48248585,8190.6906835634245,15096582.655476186,519.0997373148728,18778597.045106813,27523.616929217613,366.93303803036974
