,row,output,c_mean,c_var,status,cost,ls_dim_1,ls_dim_2,ls_dim_3,ls_dim_4,ls_dim_5,ls_dim_6,ls_dim_7,ls_dim_8
0,-1,g_4,-1593689.1922085749,4369335596189.2505,Converged,339.499064595819,10423.717902176037,215514542.1350751,212648280.33505124,6164.064901534622,25393735.766625717,982.9856458039459,25003988.803206284,22229273.081046853
1,-1,g_5,-54033.601792322544,4621471909332.345,Converged,354.32734181606406,147425477.6891164,8626.611516730916,113226468.00378248,938.9303332515987,3169.214395137699,12054843.578715812,998.8996096265694,15677870.026559876
2,-1,g_6,117057.64433271014,7447367435054.258,Converged,358.6268789029031,69001188.19998938,67328947.74225374,8219.083034802406,7418241.00868966,1397.8239397348761,7081820.383907061,6197305.966796866,1033.406713931256
