,row,output,c_mean,c_var,status,cost,ls_dim_1,ls_dim_2,ls_dim_3,ls_dim_4
0,-1,f_1,85.63948850662874,19431.758686180492,Converged,82.08921159563172,5.316045655137381,15.655882823435132,89.5861822251268,47.4447331735355
1,-1,f_2,2.4919861712049993,51.63399733199972,Converged,63.17753958625813,15220.62132681611,25099.549186155295,3.0684224106387554,0.542334902327179
2,-1,g_1,13584.915239731887,908.3701094264003,Converged,88.60155223836425,79369.66639692758,3.5537889765001367,241133.48190301296,0.8199772342194916
3,-1,g_2,29813.973296147487,170296.00614846454,Converged,146.46939115064953,1427.42191563819,2452.6368468741225,2.6935002933848806,0.5292189883267338
4,-1,g_3,44.74819524820549,48338.35232011139,Converged,-110.90163258347849,1434.2589286891202,341112.7845497236,264678.27809798974,1516.2841839617238
5,-1,g_4,9048567.424074361,169485886777822.56,Converged,325.6710305302922,11930.582154109345,24007.287539947196,11.281635646735442,2.750419127698522
