,row,output,c_mean,c_var,status,cost,ls_dim_1,ls_dim_2,ls_dim_3,ls_dim_4
0,-1,f_1,414.2658571170607,2531593.5925304284,Converged,122.72858990269647,23.331376710861367,81.42945532894672,198.57771257070658,78.2422689238589
1,-1,f_2,60.68928685176579,6092.555187794478,Converged,210.08629551972842,1.5611207926158075,4.691016499349223,5.578920305003324,1009.1209105259527
2,-1,g_1,13582.656715275672,491.40263600679776,Converged,152.61418540215828,2.6742267450429154,6.999284052099117,2484.349095901673,0.9769977255380815
3,-1,g_2,28355.80806566223,5325519.292873097,Converged,347.3761127892429,4.306670614953984,5.232206400512077,1.6904296413323658,382757.55842880823
4,-1,g_3,-106.79949864544524,5785.491860747626,Errorb'ABNORMAL_TERMINATION_IN_LNSRCH',-275.93720120584237,663.0650500383645,29576.634254766563,25958.01203227509,738.8945930371716
5,-1,g_4,8281160.786156836,129330113917244.42,Converged,598.2883165426425,45219.57350115315,95841.80693808601,11.485551762288425,3.2014768454885028
