,row,output,c_mean,c_var,status,cost,ls_dim_1,ls_dim_2,ls_dim_3,ls_dim_4
0,-1,f_1,113.80410660827778,53326.255183479836,Converged,55.1416645728132,9.252053428679856,14.225226517086833,142.25808728946444,98.96786961617676
1,-1,f_2,0.6727707097397054,1.0484960767495504,Converged,0.04452450460905766,97893.12868282021,247531.6624258925,4.726023701329936,8.38765316832381
2,-1,g_1,13590.297548592616,182.57593067104958,Converged,43.78868740034244,6.211915694148704,781.8379522388664,6.27246878186342,0.9516850535363488
3,-1,g_2,29851.477745330878,21478.283978966247,Converged,70.45003788571037,587.0998356212042,1351.0019873748274,2.918777735822443,3.307362993379493
4,-1,g_3,204.69243655038437,106196.47570051721,Errorb'ABNORMAL_TERMINATION_IN_LNSRCH',-41.54026804644576,1655.613923783904,921992.7225920946,941461.2165076572,1656.4247154619113
5,-1,g_4,7893652.234535636,72574491315797.11,Converged,199.36957897325127,24078.69160965673,45389.756365808986,10.16834500689453,1.8143650207787851
