,row,output,c_mean,c_var,status,cost,ls_dim_1,ls_dim_2,ls_dim_3,ls_dim_4
0,-1,f_1,982.1243211246821,123715317.06581807,Errorb'ABNORMAL_TERMINATION_IN_LNSRCH',138.70385387730474,61.76570015811512,207.37936691603196,472.7581361608572,253.00009046196743
1,-1,f_2,49.70650133974664,5742.895474344282,Converged,281.6914985307513,3.8497302476969537,5.599813167312448,9.797798372137665,26399.492811890836
2,-1,g_1,13581.360828243158,441.91457633299,Converged,286.47083444174734,1.498733988920435,3.965907854102268,30.923470775018238,1.811719085034993
3,-1,g_2,29532.971048950978,571726.0783678652,Converged,604.4563961458871,5.16209230540692,44892.11755524525,1.2704700693056055,1.2206425312646305
4,-1,g_3,-45.143543940933895,1412.17042897081,Converged,-629.8359304753455,669.9881018781148,10494.684786172522,10006.740224345816,500.7111790757965
5,-1,g_4,8016027.649085908,115807742202326.34,Converged,1100.7318031601687,302529.8684946673,628354.5891261923,13.444442072610359,3.4950556193694746
