,row,output,c_mean,c_var,status,cost,ls_dim_1,ls_dim_2,ls_dim_3,ls_dim_4,ls_dim_5,ls_dim_6,ls_dim_7,ls_dim_8
0,-1,f_1,651.3969872911706,3469188.0206650724,Converged,136.45674583517794,0.7649326802588725,2135569708.4231622,4311231547115195.0,3202.7312791860013,48050.372610121565,3143.7883641867206,8424.094679994276,76314.41879082176
