,row,output,c_mean,c_var,status,cost,ls_dim_1,ls_dim_2,ls_dim_3,ls_dim_4,ls_dim_5,ls_dim_6,ls_dim_7,ls_dim_8
0,-1,f_1,139.0227534101008,60774.10240170743,Converged,84.49933539546686,0.24201524098965663,4311231547115195.0,4311231547115195.0,930.2214867577584,4311231547115195.0,842.2102371168153,4190.242877030787,35446.955310349826
