,row,output,c_mean,c_var,status,cost,ls_dim_1,ls_dim_2,ls_dim_3,ls_dim_4,ls_dim_5,ls_dim_6,ls_dim_7,ls_dim_8
0,-1,f_1,226.36645346402116,150393.32741523784,Converged,111.32226191978236,0.33302314648632814,4311231547115195.0,4311231547115195.0,1029.733531579006,20435.76877444703,1417.66187578479,4343.490638625587,45031.29352154848
