,row,output,c_mean,c_var,status,cost,ls_dim_1,ls_dim_2,ls_dim_3,ls_dim_4,ls_dim_5,ls_dim_6,ls_dim_7,ls_dim_8
0,-1,f_1,77.23414594620137,32641753.954983424,Errorb'ABNORMAL_TERMINATION_IN_LNSRCH',120.89747527420268,1.2396087144757943,3012190984.21664,320546703.47123015,5333.09613394335,115250.38226880501,5701.207140267915,12410.724200042569,143661.07151120584
