,row,output,c_mean,c_var,status,cost,ls_dim_1,ls_dim_2
0,-1,f_1,48.46543531772489,2630.142493753517,Converged,31.70981514774504,3.5587754893263224,4.795996058371872
