,row,output,c_mean,c_var,status,cost,ls_dim_1,ls_dim_2
0,-1,f_1,54.003646022028626,6828458444.447825,Converged,118.75801792625356,129.36857614012723,770.5908834805609
