,row,output,c_mean,c_var,status,cost,ls_dim_1,ls_dim_2
0,-1,f_1,108.77597133177427,9315.66043785176,Converged,87.2227104201321,6.615343769335388,13.451688594101915
