,row,output,c_mean,c_var,status,cost,ls_dim_1,ls_dim_2
0,-1,f_1,78.38798648696637,3110.309439036589,Converged,52.367753235487605,4.541945431873232,3.450903321847039
