,row,output,c_mean,c_var,status,cost,ls_dim_1,ls_dim_2,ls_dim_3,ls_dim_4,ls_dim_5,ls_dim_6,ls_dim_7,ls_dim_8
0,-1,f_1,16053.696101992706,100857994541.59601,Errorb'ABNORMAL_TERMINATION_IN_LNSRCH',37.05770463617569,1960804.4559073003,1882931.9936354745,3041313.4378120205,2445309078725.079,1280526222361.6282,92587471586.60974,1349720422103.4827,735928518269.1897
1,-1,g_1,2.2606769669623694,1322.6298264763032,Errorb'ABNORMAL_TERMINATION_IN_LNSRCH',-343.4602104519031,4015416880621.191,993620884075.7654,815498933034.2001,94190.93161149503,432488083133.8419,114873.94955952532,304616316908.2281,219839241927.67053
2,-1,g_2,-0.25682683711565446,5116.052511910638,Errorb'ABNORMAL_TERMINATION_IN_LNSRCH',-286.41922505002105,283937927569441.06,67047507129037.45,113790019739234.86,236842.83903491867,249482.3461927842,29995786786533.35,276262.3941649941,22957641171569.34
3,-1,g_3,-0.6432267111588631,11696.422886400062,Converged,-262.33583044961136,566561457738.2062,174838663804.55957,443053300109.10034,96722297933.1885,106526.28897379719,25365149302.16328,4741708510.423858,130752.04983111407
4,-1,g_4,-1607006.5523152878,4311231547115195.0,Converged,455.70622370168047,100227.53392570933,18837008105.21414,173612666540.5866,249448.95348357427,31808055492.35289,10955.197238861083,2529509492.75059,44034880242.93256
5,-1,g_5,-374357.45900381467,4311231547115195.0,Converged,517.8033389951833,7595526337.281818,52438.5724383462,16461763819.6944,15554.642419650587,127430.50646885669,546576234.1487204,15978.71463134045,251784532.54116675
6,-1,g_6,237844.8277199862,4311231547115195.0,Converged,514.6779742796955,2477352214.4646034,3554327947.436676,37270.39929696257,52588457.66888481,25677.803027783208,203924318.69510835,293344984.0471342,24093.873965808376
