,row,output,c_mean,c_var,status,cost,ls_dim_1,ls_dim_2,ls_dim_3,ls_dim_4,ls_dim_5,ls_dim_6,ls_dim_7,ls_dim_8
0,-1,f_1,16048.118577588588,35242069084.19469,Converged,-41.40670742087758,2036725.7183577053,1190890.2069514412,2022814.6346138509,34586517151.42579,25998189444.01568,12867577631.751806,18875945349.007324,34360656600.20031
1,-1,g_1,1.47563834983161,367.11739306228316,Errorb'ABNORMAL_TERMINATION_IN_LNSRCH',-788.4747527371048,172757735495.90872,68600769887.35459,133246507063.38005,76256.8242889622,20475651989.655552,69648.31355461021,16085447305.974401,16647740811.34992
2,-1,g_2,0.21641122572456387,2500.218992056458,Errorb'ABNORMAL_TERMINATION_IN_LNSRCH',-677.186092641613,27080409793.726532,37316894041.59739,38010537540.6717,227160.39816434908,216418.3753834777,4795221569.078625,91082.01709346187,4935669096.501608
3,-1,g_3,-0.8102321872251886,3829.22058556524,Converged,-666.3146328128267,811939483618.7184,2032869166915.9258,1521637961904.4526,103818619870.05812,65081.629218479204,67132137280.915825,40961306881.06272,58331.96280888492
4,-1,g_4,-1840464.5519424628,4311231547115195.0,Errorb'ABNORMAL_TERMINATION_IN_LNSRCH',773.8461995176493,126273.30537433065,59321968954.984825,61835089071.72592,374453.8577850704,11366438864.720638,12729.123233926628,9215555368.602446,1818645256.6622577
5,-1,g_5,228143.03863343285,4311231547115195.0,Converged,915.3685028594793,107115078753.25986,59685.30456484774,14437417387.26334,19054.206109428364,199144.9374772327,3228372133.076114,19857.198690009554,3135231357.29939
6,-1,g_6,-52632.85029313392,4311231547115195.0,Converged,893.9231272094573,52165071533.74754,30974701300.504005,51418.7032254721,4143796631.044503,24237.96596437357,2562431270.2713327,1153129307.6176288,23810.80085651413
