,row,output,c_mean,c_var,status,cost,ls_dim_1,ls_dim_2,ls_dim_3,ls_dim_4,ls_dim_5,ls_dim_6,ls_dim_7,ls_dim_8
0,-1,f_1,16077.32122752518,508603889932.5316,Errorb'ABNORMAL_TERMINATION_IN_LNSRCH',47.77884149060777,3207349.495934471,2942524.842159625,3274567.2577721355,2722913628341.299,3337972518123.3916,168987734033.79507,1099372300378.135,749247345733.7528
1,-1,g_1,3.089581403290744,9640.276658339551,Errorb'ABNORMAL_TERMINATION_IN_LNSRCH',-179.21742862245796,396567937831.45374,55808905089.16429,45287431766.58976,174457.90572876483,2102047642.778277,208366.06765763604,7733807572.447774,19418149403.146835
2,-1,g_2,0.6853410224917663,15054.530743957946,Converged,-110.32885041389423,44327685532758.75,3577379057049.0957,233229692004706.38,386296.19729964976,581373.9417465064,780328760190.0858,416970.5934972002,3071611032417.085
3,-1,g_3,-1.6132555596608638,120986.88067864947,Errorb'ABNORMAL_TERMINATION_IN_LNSRCH',-150.0894983493417,2501750431570.3926,973845607079.9382,2346986638181.991,74182992394.16595,208592.97380940896,342301535877.97504,99877034286.39833,204794.94494630297
4,-1,g_4,-1593689.2389545515,4311231547115195.0,Converged,307.47356428354317,86163.69873914897,4315019074.974025,4566536043.475015,199008.56372076337,2008304338.7364712,9431.605273086141,1483420599.4798825,297343670.7152861
5,-1,g_5,-54033.59584260162,4311231547115195.0,Converged,338.64255723690354,7185562493.334593,39826.89886822353,879458904.3714745,16506.471689437283,108041.72104971908,84453164.17591093,14158.80306151675,1833447732.6796424
6,-1,g_6,117057.65150333261,4311231547115195.0,Converged,335.37826849032143,1043659981.6530591,6135967235.809683,45594.86169744676,362073243.5669514,14961.637952330288,541699380.8363692,113475194.1548824,15834.487859598712
