,row,output,c_mean,c_var,status,cost,ls_dim_1,ls_dim_2,ls_dim_3,ls_dim_4,ls_dim_5,ls_dim_6,ls_dim_7,ls_dim_8
0,-1,f_1,16049.31960157007,7828573916.078755,Errorb'ABNORMAL_TERMINATION_IN_LNSRCH',-181.79426345328096,1179822.2543488077,686026.6315589243,1196030.6426890565,109354029.08714291,108710814.51107855,102636864.14432634,135728669.6320976,97854414.64075351
1,-1,g_1,1.6728130461345214,35.32577118832867,Errorb'ABNORMAL_TERMINATION_IN_LNSRCH',-1619.508242451962,960864789.2227751,1054581742.0014431,1592950957.6500669,36514.98612203163,101114849.28703523,36440.65957385103,120109559.73678975,104955852.28099565
2,-1,g_2,0.22659995547725947,463.21574680420775,Errorb'ABNORMAL_TERMINATION_IN_LNSRCH',-1513.6978101900704,5595904952.681555,5249440780.346973,5252687410.132401,93766.31627635594,99379.9647856955,595296320.0497606,83756.09556862962,551186744.5838013
3,-1,g_3,-0.9636956029831046,382.2565387666347,Converged,-1340.8045039683707,756361815.4084512,774159058.3521101,904910997.8538392,126433482.1571392,31799.637481002657,91047879.7174361,88818951.75190127,44022.20027708828
4,-1,g_4,-1796086.37217508,4311231547115195.0,Errorb'ABNORMAL_TERMINATION_IN_LNSRCH',1290.742054813929,138071.39172688732,58764779377.22171,69645999134.95988,554169.6057328767,5046244094.533371,16810.162638059337,7011353782.028706,5051015307.176959
5,-1,g_5,12700.911146101791,4311231547115195.0,Converged,1590.5494801778966,49283823729.76272,54258.024611256194,58759145194.0941,29374.994285224973,294108.856817176,4603687074.723564,28316.596938358707,7035606539.693966
6,-1,g_6,174877.3413582202,4311231547115195.0,Converged,1536.8630941076729,6019093660.5599985,6146872803.037659,51424.08981141713,718913227.4256086,31006.61834617829,1039761946.929155,660738496.729693,31247.47674361439
