,row,output,c_mean,c_var,status,cost,ls_dim_1,ls_dim_2,ls_dim_3,ls_dim_4,ls_dim_5,ls_dim_6,ls_dim_7,ls_dim_8
0,-1,g_4,-6.996824203323669,276.9801811683046,Converged,239.0880644807601,3994.24554743165,1217014705.456026,3888744176.7236433,834.3057613757932,540599964.2339768,261.90932240784355,599119049.1952349,6035897760.631659
1,-1,g_5,1.4741256223308545,197.8718291316413,Converged,274.3587212686316,19487.32391087165,7616.134639779147,54355.79583048679,347.6049852908813,829.7140432516006,2491.9029180031757,239.5924730077678,4729329.05209358
2,-1,g_6,-0.8403212366731949,126.46898347876352,Converged,233.22545536480453,198890.84917445527,442323906.3079435,6211.631906405191,205614463.5717192,390.79419887806296,11668638.046108473,7772.439664783433,197.66597309478644
