,row,output,c_mean,c_var,status,cost,ls_dim_1,ls_dim_2,ls_dim_3,ls_dim_4,ls_dim_5,ls_dim_6,ls_dim_7,ls_dim_8
0,-1,g_4,-87917265.85420905,4311231547115195.0,Converged,2822.9058620061637,4078.216537344871,126670.99019927053,171984.78408617605,1633.2116540132483,11558.955297191622,308.44509945904,12173.647360732364,17674.200397636574
1,-1,g_5,-520614.2727053173,4311231547115195.0,Converged,2944.8766893753746,69887.78242354644,5986.150361497004,70221.5712103873,398.2023779797316,1105.0385924496115,5833.256706418054,335.74690934463166,5004.473696790202
2,-1,g_6,8378364.078901738,4311231547115195.0,Converged,2890.870716506316,126829.35094015414,129443.75558234638,6177.910064648422,16260.244246490718,387.4517808417163,19194.211402041587,14821.217411646465,326.4267874534047
