,row,output,c_mean,c_var,status,cost,ls_dim_1,ls_dim_2,ls_dim_3,ls_dim_4,ls_dim_5,ls_dim_6,ls_dim_7,ls_dim_8
0,-1,g_4,-92284363.1372633,4311231547115195.0,Converged,746.5381735317634,4420.935191080196,2025772.7739535575,2993794.0633861017,1606.1193716874145,877633.9831309234,281.5265141719274,181013.79605993448,9447.859105607497
1,-1,g_5,-13865186.934664253,4311231547115195.0,Errorb'ABNORMAL_TERMINATION_IN_LNSRCH',755.2582188875435,1134260262.8658988,8525.86501647892,251684039.2349588,565.8731523418367,1690.2559354444575,5084681.5986447,306.26349282004617,37469545.57858183
2,-1,g_6,12214939.793891245,4311231547115195.0,Converged,754.4960606809125,119290.92520052899,102940.57515444413,4133.721212625399,5099.04070749226,709.84152054163,15161.3247779167,10078.296969677885,392.62425800152215
