,row,output,c_mean,c_var,status,cost,ls_dim_1,ls_dim_2,ls_dim_3,ls_dim_4,ls_dim_5,ls_dim_6,ls_dim_7,ls_dim_8
0,-1,g_4,-81296018.58868113,4311231547115195.0,Errorb'ABNORMAL_TERMINATION_IN_LNSRCH',461.43621044980597,5349.627497796754,55205.738889212786,89024.30495065526,1140.997479152173,5080.893751383174,307.75152794173755,1346.1371336911006,5580.814433920335
1,-1,g_5,10086000.484811204,4311231547115195.0,Errorb'ABNORMAL_TERMINATION_IN_LNSRCH',463.30344533303315,37934.573378995716,7831.180420995955,57351.86908560569,407.23431102957204,1613.0585474334414,3166.809839389845,347.2400734011362,7984.060604734844
2,-1,g_6,5216649.258170152,4311231547115195.0,Errorb'ABNORMAL_TERMINATION_IN_LNSRCH',463.9043051795967,72910.79545211249,95928.87875066572,4893.254512456606,4606.616659463068,678.6938711750813,8430.186623776395,4363.947597427398,416.50637475748664
