,row,output,c_mean,c_var,status,cost,ls_dim_1,ls_dim_2,ls_dim_3,ls_dim_4,ls_dim_5,ls_dim_6,ls_dim_7,ls_dim_8
0,-1,g_4,-91957254.34744525,4311231547115195.0,Converged,1432.3355028617636,4754.978505242882,950456.9693655607,484156.21473566635,1258.328484425785,119807.71855396258,381.159999010855,28826.250544046055,32995.54755930327
1,-1,g_5,10670755.496641053,4311231547115195.0,Errorb'ABNORMAL_TERMINATION_IN_LNSRCH',1502.8228059124242,196020.31642248153,6778.809730505332,180479.311416591,366.1329642688927,1144.5835648053082,4450.68947809994,331.60530958220994,22327.630604167174
2,-1,g_6,-6884008.28658578,4311231547115195.0,Converged,1469.8756013729333,49593.431268771965,177122.5118122916,6943.534451597922,20782.25057546318,516.8235616779018,28658.486559704324,15780.340099232582,294.0714869694966
