,row,output,c_mean,c_var,status,cost,ls_dim_1,ls_dim_2,ls_dim_3,ls_dim_4,ls_dim_5,ls_dim_6,ls_dim_7,ls_dim_8
0,-1,g_4,-5.927256428316502,113.97606942744683,Converged,134.08003314162312,5536.508178582676,9273384.582124595,42732984.72401035,208309.78773341927,1170081.9491908553,115.00087408029582,399.7985546014488,950883.8267498048
1,-1,g_5,-2.632587725455601,160.31672560368244,Converged,126.16762734778467,2481311732944492.5,8279.500493826159,522829274619547.56,609.0321004795363,4311231547115195.0,3554886580.599654,181.31167510654677,55496439630.31022
2,-1,g_6,1.3293844538689625,170.46789081261642,Converged,130.9878845218722,34442185.41091132,34902354.90258226,5104.769416962196,3512814.069256233,875.4723890335869,55395041.96449492,529692.3556033388,152.43289330282312
