,row,output,c_mean,c_var,status,cost,ls_dim_1,ls_dim_2,ls_dim_3,ls_dim_4,ls_dim_5,ls_dim_6,ls_dim_7,ls_dim_8
0,-1,g_4,-1593689.2389545515,4311231547115195.0,Converged,307.473564213422,86163.7719331963,4315019421.306688,4566536450.240357,199007.6669333419,2008304509.9610493,9431.61938578137,1483420725.9437613,297343710.5183449
1,-1,g_5,-54033.59584260163,4311231547115195.0,Converged,337.42617692781255,7185584654.339086,50321.04850339737,879590168.2476128,11055.123631950511,108658.50876897354,84480256.59569421,12165.616941498469,1833448455.6317255
2,-1,g_6,117057.65150333261,4311231547115195.0,Converged,335.3782684868537,1043659981.2190063,6135967232.859731,45594.861696253334,362073243.3994644,14961.637950550066,541699380.5812167,113475194.10678883,15834.487856544241
