,row,output,c_mean,c_var,status,cost,ls_dim_1,ls_dim_2,ls_dim_3,ls_dim_4,ls_dim_5,ls_dim_6,ls_dim_7,ls_dim_8
0,-1,g_4,-6.559824841458392,116.14850078501709,Converged,492.6168368696827,2076.7550947548475,19500.761594412077,8790.587932207161,1008.785207040166,2818.2225636346648,192.92981675402535,2777.598134159767,1117936.4499405876
1,-1,g_5,0.2245191737708818,184.97539460040997,Converged,521.884236311801,525820413648.2733,6040.4925793280745,22543.647391543316,226.68225750238835,873.1031135964512,13271856523777.809,217.50762060152672,91261263642.04665
2,-1,g_6,0.691641190993665,115.08341368722753,Converged,495.52975896877706,15964.244508666765,13765910.382503262,4077.7979237473915,3101.347247507619,314.31524735454434,7421.978609725019,1481.7011614355674,173.81635249065306
