,row,output,c_mean,c_var,status,cost,ls_dim_1,ls_dim_2,ls_dim_3,ls_dim_4
0,-1,f_1,56.996859853042636,124597464.60733388,Errorb'ABNORMAL_TERMINATION_IN_LNSRCH',138.70841129502935,61.85477610578563,207.70839821290824,473.53142042284725,253.44174004025228
1,-1,f_2,49.70333925648655,5742.0039546715125,Converged,281.691301152435,3.8494971252061196,5.599487415664833,9.797343937461473,4311231547115195.0
2,-1,g_1,13581.360520582975,441.92650334668156,Converged,286.4708343701353,1.498779231631086,3.9660039128701667,30.916406171165512,1.8117603630534707
3,-1,g_2,29825.98902695792,28719001.540782373,Converged,571.2885181915912,13.401951483235223,857627.0166565088,1.7263714943909385,117.15990939181714
4,-1,g_3,0.02097376712275654,1027.7649716634974,Errorb'ABNORMAL_TERMINATION_IN_LNSRCH',-712.9645077841674,344.05256487611547,1230498.3349720791,1845482.1689508278,316.9044026938813
5,-1,g_4,8016027.613453893,4311231547115195.0,Converged,1068.9129798321794,394847.6015788617,105903.43370882027,51.15534098551905,11.082873403748785
