,row,output,c_mean,c_var,status,cost,ls_dim_1,ls_dim_2,ls_dim_3,ls_dim_4
0,-1,f_1,113.7888756986046,53348.8065540415,Converged,55.141664688818665,9.253739451088972,14.225878464266595,142.30693407045314,99.00866969486893
1,-1,f_2,0.6727790210703309,1.0483965823625865,Converged,0.0445242984582519,1306657.4532508757,285658.2165402781,4.725842497533253,8.3874536381439
2,-1,g_1,13590.297248584171,182.49895542036646,Converged,43.78843868495543,6.209725186516356,5543.733062760958,6.271589338339691,0.9515702570722034
3,-1,g_2,29750.41788311699,88702.50268544738,Converged,69.45231599569954,4311231547115195.0,4311231547115195.0,5.25585354880976,5.63410527338522
4,-1,g_3,0.8171267610396761,135955.28074717682,Errorb'ABNORMAL_TERMINATION_IN_LNSRCH',-56.099460894839126,1342.6590748449062,71799875382.24033,3533582123787.267,1382.9776237361332
5,-1,g_4,7893652.198921657,1100298256131865.9,Converged,196.9339291392123,2396046.139104244,274068.20842489455,24.678503460200584,5.047930780957144
