,row,output,c_mean,c_var,status,cost,ls_dim_1,ls_dim_2,ls_dim_3,ls_dim_4
0,-1,f_1,85.63919689769476,19431.323773070064,Converged,82.08921159545282,5.316013561538123,15.655883199071154,89.58613629619838,47.44267852668206
1,-1,f_2,2.4920474396921874,51.63428027582933,Converged,63.17753948351442,20093.21088214567,51911.025191655026,3.0684374857292327,0.5423401816295098
2,-1,g_1,13584.91487443537,908.4195490119541,Converged,88.60155225818644,600739.2526989536,3.5540833188364584,5045541863.711515,0.8199721875262032
3,-1,g_2,29805.89440592623,220860.26839062,Converged,146.2735248541279,4311231547115195.0,4311231547115195.0,3.079175139045941,0.5895299165161163
4,-1,g_3,-1.5588630161552153,43388.006449991444,Errorb'ABNORMAL_TERMINATION_IN_LNSRCH',-129.94881420938717,1274.3285016181806,140053007514883.53,721129245420689.9,1075.6193986089866
5,-1,g_4,9048567.411535643,4311231547115195.0,Converged,315.3321204783333,89400.57692056087,229144.95600607112,38.796624572957015,7.281462538398649
