,row,output,c_mean,c_var,status,cost,ls_dim_1,ls_dim_2,ls_dim_3,ls_dim_4
0,-1,f_1,63.44838469038022,2593515.6218611235,Converged,122.7628163177682,23.4234553862028,81.98044106554964,199.99060519978337,78.62459636277866
1,-1,f_2,146.71046899425608,75762.53573628476,Converged,201.6906970287672,3.5786198257758883,11.627501055924816,11.209135478073065,4311231547115195.0
2,-1,g_1,13582.657291618529,491.40695019051486,Converged,152.61404405038758,2.674142157046603,6.999463030055951,2250130788626907.0,0.977041535702005
3,-1,g_2,25304.67492840189,66846398.058991015,Converged,340.13637093964155,10.811273124163778,11.754353462753249,4.187821514788115,4311231547115195.0
4,-1,g_3,-0.18275669950879816,3481.734336538673,Converged,-308.61709750538057,591.8970963378009,389700945.1714687,609733288.6747837,441.04910254543734
5,-1,g_4,8281160.779983273,4311231547115195.0,Converged,571.86827129129,111521.63402096873,420494.0391425253,33.774403494655246,8.539890864341956
