,row,output,c_mean,c_var,status,cost,ls_dim_1,ls_dim_2,ls_dim_3,ls_dim_4,ls_dim_5,ls_dim_6,ls_dim_7,ls_dim_8
0,-1,f_1,98.81188921959073,1301.784541135451,Converged,170.65155764070622,0.05750780469059395,40697.73820037117,42902.23765748105,223.23973196450436,484.29894428740977,239.63882537756098,754.7906605456569,1867.489164681728
