,row,output,c_mean,c_var,status,cost,ls_dim_1,ls_dim_2,ls_dim_3,ls_dim_4,ls_dim_5,ls_dim_6,ls_dim_7,ls_dim_8
0,-1,f_1,82.14640985654853,864.0743754861304,Converged,313.01257316522924,0.060959770135934045,40845.77977783562,42909.85393425685,177.97865604761256,998.3249158485419,160.423641147896,586.4999653590348,1846.2144693697765
