,row,output,c_mean,c_var,status,cost,ls_dim_1,ls_dim_2,ls_dim_3,ls_dim_4,ls_dim_5,ls_dim_6,ls_dim_7,ls_dim_8
0,-1,f_1,99.60589562996492,1485.6151063985155,Converged,110.35450695814231,0.054741233785450025,40187.89850688588,42647.2869903851,182.21447474419966,719.4130088935,170.68888643571756,1110.2493754446512,2347.404598284716
