,row,output,c_mean,c_var,status,cost,ls_dim_1,ls_dim_2,ls_dim_3,ls_dim_4,ls_dim_5,ls_dim_6,ls_dim_7,ls_dim_8
0,-1,f_1,115.58823706015838,2722.7994098968693,Converged,526.6134463158286,0.11128349163211047,41245.486514412616,43409.14418851358,294.8295623185319,5174.934129604883,393.7125761068115,2212.6127302400087,7773.482939134803
