,row,output,c_mean,c_var,status,cost,ls_dim_1,ls_dim_2
0,-1,f_1,92.87054926622206,6526.848299891447,Converged,52.76336585534522,7.070988908434054,5.08584708178028
