,row,output,c_mean,c_var,status,cost,ls_dim_1,ls_dim_2
0,-1,f_1,26475.184887860647,598340215.7423491,Converged,118.43560635387422,79.34976324514119,430.23643155830894
