,row,output,c_mean,c_var,status,cost,ls_dim_1,ls_dim_2
0,-1,f_1,108.78348333337667,9316.534351850305,Converged,87.22271042325374,6.615463736408004,13.452288725110577
