,row,output,c_mean,c_var,status,cost,ls_dim_1,ls_dim_2,ls_dim_3,ls_dim_4,ls_dim_5,ls_dim_6,ls_dim_7,ls_dim_8
0,-1,f_1,16529.18368873122,18236957.09735608,Converged,186.75484067423255,17358.154297445766,18993.586970924614,18641.544705505537,210493.13636624633,171415.9741475748,192588.07892261026,191662.8472342937,156446.55750438687
1,-1,g_1,1.4948812359595522,0.7181013203954953,Converged,22.702081472135895,8048.629109611472,7255.136051201596,7313.7516870888,691.849557494228,895.5790687488753,659.8158052462394,908.5763038708964,931.702684319069
2,-1,g_2,8.898165247894159,27.590449492925615,Converged,-15.836570869192485,132005.8988177069,141967.75871457503,190246.40613323162,8683.874168221184,13778.455273587915,671804.2827438082,8541.16800425271,654197.0530490291
3,-1,g_3,479.3920161329735,308897.0950001751,Converged,-110.29440486774106,153097716.4788109,145043673.911025,151054878.7599287,722617993.1738409,337907.79028460936,768496518.7981282,730057427.5425932,363376.4539747804
4,-1,g_4,-1153652.6734116967,4545733743328.284,Converged,339.14165443299976,10602.398082689218,1944828.7451548164,1834932.528918092,6280.334512974965,1503885.7665964416,998.1732585295721,1512956.5441030073,1567579.6715389036
5,-1,g_5,-142791.36583734368,4521485689478.871,Converged,362.441445697669,54975.91035559599,4958.683870311414,43768.44530643203,615.569686795693,91757.36947007946,111579.28950324943,778.1257465294441,127960.37958477065
6,-1,g_6,87360.58111885739,7431082834510.4795,Converged,358.646642890579,6299096.42433939,7037235.969673552,8212.149431360715,9786403.981200093,1396.275961574431,8764948.904333107,8393966.830386955,1031.9486489317649
