,row,output,c_mean,c_var,status,cost,ls_dim_1,ls_dim_2,ls_dim_3,ls_dim_4,ls_dim_5,ls_dim_6,ls_dim_7,ls_dim_8
0,-1,f_1,81177.69641997018,21687281175.443504,Converged,74.1550328313797,1234386.5834930292,1349354.080541889,1175333.0136916123,802780451341.8937,1018740743086.1217,993528645948.9333,891926629558.4213,931040240147.41
1,-1,g_1,-102.30720944413744,1304.8644372065928,Converged,-147.85561436249435,827978.0878354738,738160.0259176875,804469.3779945072,117770.94989048631,5453056.624847211,121733.91589931783,5494463.988165468,5039780.916012441
2,-1,g_2,-3.392241531471022,4042.5716741604083,Converged,-96.6052875359158,999172.0885860202,920544.7433493263,1177129.8490483451,88642.88560430604,73381.31019642518,8390517.548642777,352257.64393924765,8569963.911278974
3,-1,g_3,-1.446670122832473,6.053042411085559,Converged,74.71951398799365,8395.389874292094,7633.0962439180485,7700.910153478702,2711.800986531538,546.0082045350327,2294.865969548542,2204.2084128316733,474.5779795671777
4,-1,g_4,-1422053.869903515,2938756179229.7676,Converged,550.011148220528,12314.073756158657,48810.33263288619,52191.14016555776,5772.919505590602,40596.70513654306,909.7744091727818,38801.792389343434,41599.39311480566
5,-1,g_5,-1241691.266381644,4678877820123.117,Converged,573.7218454126912,2444149148.9757385,9208.505660170034,2534716931.490091,1274.88499619827,4409.403387987165,3151073806.9094663,1161.0223442092126,2893633908.3077874
6,-1,g_6,239819.0139898123,4132001900250.2295,Converged,565.0062257263734,1555670741.3490412,2038277304.229628,8871.419075254149,2724150331.6167846,1193.858766668315,3118594605.8646517,2876595408.0475445,1163.7687181439424
