,row,output,c_mean,c_var,status,cost,ls_dim_1,ls_dim_2,ls_dim_3,ls_dim_4,ls_dim_5,ls_dim_6,ls_dim_7,ls_dim_8
0,-1,f_1,95114.51016817751,2175909629.88742,Errorb'ABNORMAL_TERMINATION_IN_LNSRCH',-100.4421838600631,832099.4976695677,725105.8551107505,806094.619612485,27142672735.615055,26769375196.342308,26779714096.924156,26377513377.780453,27116165091.631187
1,-1,g_1,7.148465076927845,20816.19851250078,Converged,-1051.636128008151,1353017.4521106842,1583377.842765204,1601986.8607057652,275538.8750746812,9503151.71024238,1616940.6847877635,10615149.61091138,9565802.320229748
2,-1,g_2,1.0629955129179114,51338.10887219281,Errorb'ABNORMAL_TERMINATION_IN_LNSRCH',-1060.1512834272803,1251114.109110074,1383343.9162456573,1329150.5345432786,894553.8649090248,883184.3790673946,11380884.264812717,1518062.5343033348,11104406.96094079
3,-1,g_3,-95.45122430636174,57039.286803791896,Errorb'ABNORMAL_TERMINATION_IN_LNSRCH',-964.6955019875313,2301041.0269416203,2483921.3478319175,2511759.291763722,17802023.548162676,727062.8460870972,17591039.166464757,17172875.86190913,122243.50113901103
4,-1,g_4,-2042649.0310685881,1693515669468.4336,Converged,1709.1983162153247,15859.997491071274,2495276.753436361,2555213.325291137,11171.630813537477,1948034.4209163345,1379.8611139600112,1978954.393780063,1925532.0958401766
5,-1,g_5,-141683.094378591,2049030529535.1743,Converged,2194.805110657585,18273.686360782158,8332.518409163977,18472.24875972641,1397.6740581934687,10252.698753741242,15954.865447651684,1230.890661522359,15467.333383502839
6,-1,g_6,167515.58683541595,2104700910532.7085,Converged,1900.8160813181075,390797209.74408,408339839.61541086,9871.256964134549,468255774.80771744,1855.078031990516,492792493.5600466,490902599.4939628,1669.0653584489046
