,row,output,c_mean,c_var,status,cost,ls_dim_1,ls_dim_2,ls_dim_3,ls_dim_4,ls_dim_5,ls_dim_6,ls_dim_7,ls_dim_8
0,-1,f_1,18539.87475356864,1464540909.5697398,Converged,127.74906856703063,496838.15305827075,409588.46465102234,447544.4936410683,34008172933.408997,31658110397.886467,27050650568.725395,35343357410.6495,33375634395.658375
1,-1,g_1,17.14181197474978,767.3985626608014,Converged,-218.35219598617164,206345.1473213631,224186.61267989854,215735.09096558896,102698.34060254898,1211449.8733584075,209130.08523514663,1158190.3022361142,1105999.3571674747
2,-1,g_2,39.37391664268749,24.1830830300712,Converged,-148.60610602393854,85965.29463240973,88650.02047422592,88092.36324819335,11471.876776226696,19260.937157604545,652869.9125650915,10919.250958004584,606655.0056208372
3,-1,g_3,29.795117608698636,3347.2529645797663,Converged,-120.54479606176562,176853.49649028174,216748.63256810093,200458.0807900922,1022163.1038891423,34439.1300684854,1096002.6013782802,1024357.8756817648,114363.51063256492
4,-1,g_4,-1791686.5538711003,2343072338805.9404,Converged,950.3255576233968,14035.018915564056,114250328.30743112,116642753.80616978,9397.71773191433,78658644.51299363,1264.2588651464578,75836561.75127712,70605817.17823099
5,-1,g_5,234593.08004056432,2771215185462.104,Converged,1077.2300561981094,23529342.523496736,8963.341107089449,20000921.44004188,1433.2613743300778,5215.116778627851,25351847.197818294,1393.693018234523,25895581.901087828
6,-1,g_6,142630.69961845275,2767378183196.05,Converged,1042.1915818342727,147092212.829379,151333444.74275747,9235.739320455416,172519145.73945135,1601.7199709993542,184644792.43971673,165662178.14344627,1369.3744456015022
