,row,output,c_mean,c_var,status,cost,ls_dim_1,ls_dim_2,ls_dim_3,ls_dim_4,ls_dim_5,ls_dim_6,ls_dim_7,ls_dim_8
0,-1,g_4,-5.982928911531466,188.19183633573118,Converged,144.5563743829412,8095.019837750435,7342.509722879668,7365.475674861758,848.5436389287829,867.9736413457853,537.7036931777554,753.6527719447179,989.8569732070905
1,-1,g_5,3.338128593464204,266.4172028822247,Converged,149.5604224084818,8118.631346450508,7344.447624612324,7366.695873921659,738.6255675556511,829.1714637971644,788.3000750780807,479.61786149139505,837.1598083874507
2,-1,g_6,-0.3490358737014554,237.39211308054342,Converged,146.5648232319405,8124.140062148668,7340.284790875752,7348.688453683538,835.6610680923588,796.0054345049514,939.1988294397436,877.6563695932856,499.19483062746946
