,row,output,c_mean,c_var,status,cost,ls_dim_1,ls_dim_2,ls_dim_3,ls_dim_4,ls_dim_5,ls_dim_6,ls_dim_7,ls_dim_8
0,-1,g_4,-40551057.96215803,5561313541918658.0,Converged,2823.336533293823,4400.539528243909,97716.64969608073,53852.94619983662,1335.948765162397,78556.29203540047,324.11832969224486,80474.52548659197,95068.24730404612
1,-1,g_5,10630471.822803047,8905995704784077.0,Converged,2932.3487436028436,183781.6398216708,7942.247382994414,206184.45952451587,397.8989611508967,1420.6427662352182,268456.07581216865,358.3761655198962,277360.286969223
2,-1,g_6,333869.6915685876,8497748876639006.0,Converged,2878.5525559249286,161567.1450963492,182697.36954711837,6906.674092727708,354226.34458647395,437.2596804409645,364256.4040500966,341726.2159567609,312.89591631928914
