,row,output,c_mean,c_var,status,cost,ls_dim_1,ls_dim_2,ls_dim_3,ls_dim_4,ls_dim_5,ls_dim_6,ls_dim_7,ls_dim_8
0,-1,g_4,-58609143.27854068,5790933288121474.0,Converged,1426.8964178110762,5024.535686410072,4929546.245072098,4320533.9439016,1346.6176297895447,8229744.512681902,423.21309924338254,6522826.902035394,5744851.726876113
1,-1,g_5,8724718.633804869,9532149658324178.0,Converged,1496.0695977199462,81892.87773355629,8789.35559920975,62215.353344704505,434.3389413927766,1562.319944559927,106777.42349832434,394.49074586602393,113144.67186323508
2,-1,g_6,439898.80724796304,9927510580782562.0,Converged,1464.0685566458596,119274.32720271304,130680.00042231996,8611.209957269803,307328.1082083414,584.169528007105,309460.2264885561,295829.4848371413,359.88390450564475
