,row,output,c_mean,c_var,status,cost,ls_dim_1,ls_dim_2,ls_dim_3,ls_dim_4,ls_dim_5,ls_dim_6,ls_dim_7,ls_dim_8
0,-1,g_4,2.0810597977479235,301.64807243371416,Converged,555.158184032002,8076.62130404163,7352.054486855705,7350.1127976271955,855.9607733179803,808.8086300307633,487.328511483257,880.6416111095386,884.4297203786862
1,-1,g_5,0.21891004503106515,184.92628117821232,Converged,521.8842679452689,10320860.932165727,6040.821476655945,22549.04840832047,226.64168044403576,872.4224654883137,24784502.52213283,217.5497791887877,13060088.789884951
2,-1,g_6,-0.8853775142102884,341.4795567381014,Converged,563.6192369860647,8090.280494758706,7355.092320687833,7336.72278265199,868.5053958143465,686.1248333757702,879.5134569630204,854.4472089295539,506.87620030224105
