,row,output,c_mean,c_var,status,cost,ls_dim_1,ls_dim_2,ls_dim_3,ls_dim_4,ls_dim_5,ls_dim_6,ls_dim_7,ls_dim_8
0,-1,g_4,-1153652.6734116275,4545733743328.284,Converged,339.1416544330286,10602.398082580696,1944828.7446966334,1834932.5284857685,6280.33451357574,1503885.7662422874,998.1732585261336,1512956.5437463934,1567579.671169361
1,-1,g_5,-142791.3658373413,4521485689478.872,Converged,362.4414456976692,54975.91035558307,4958.683870311699,43768.44530642218,615.5696867957249,91757.36947005913,111579.28950322502,778.1257465294462,127960.37958474296
2,-1,g_6,87360.58111900082,7431082834510.478,Converged,358.6466428905714,6299096.438558882,7037235.985556753,8212.149429898986,9786404.003294097,1396.2759622179897,8764948.924126519,8393966.849333385,1031.9486491335022
