,row,output,c_mean,c_var,status,cost,ls_dim_1,ls_dim_2,ls_dim_3,ls_dim_4,ls_dim_5,ls_dim_6,ls_dim_7,ls_dim_8
0,-1,g_4,-3.8792158909120196,251.2898503854818,Converged,289.9975428698267,8089.153333810842,7369.689261340746,7354.723355231743,797.1345333885788,830.7975394233365,728.7722316982807,812.8877892055643,795.2552402262535
1,-1,g_5,0.05536339461931739,293.9286538425095,Converged,293.241572688563,8096.520184763004,7365.58647880511,7353.312307461487,634.8905139059144,787.8203169493677,838.4876282499985,535.1899411120611,916.0364852814616
2,-1,g_6,0.5055632949122987,270.62576154216396,Converged,287.77472157125464,8098.741912598974,7374.659588889252,7352.370413770564,816.6177950553556,665.6181083194717,811.1132463280802,865.213343328404,505.59446675168437
