,row,output,c_mean,c_var,status,cost,ls_dim_1,ls_dim_2,ls_dim_3,ls_dim_4,ls_dim_5,ls_dim_6,ls_dim_7,ls_dim_8
0,-1,g_4,-68258448.09443748,6934936049075851.0,Converged,741.9347020719716,5628.734499228005,4799948.4388667485,5061809.23591038,1375.988871536932,4987803.68800171,317.95970054900664,2001196.47620524,5042108.277116626
1,-1,g_5,3823209.7198819276,1.2192123001979188e+16,Converged,757.012248496356,24659.080367793984,9288.641479467384,21862.4129126735,817.407586902604,6297.763099958889,14712.887861153287,294.36050161390517,14188.920057845635
2,-1,g_6,3683447.3439935087,1.2822475696773646e+16,Converged,745.647465452713,7688611.958234718,7956777.962475929,5134.844735867961,12719455.036209967,999.9082874170397,13126700.976732962,12287649.956419297,545.8701243813194
