,row,output,c_mean,c_var,status,cost,ls_dim_1,ls_dim_2,ls_dim_3,ls_dim_4,ls_dim_5,ls_dim_6,ls_dim_7,ls_dim_8
0,-1,g_4,-53228334.9456982,1.052844912288253e+16,Converged,457.55275113691505,6958.804287204344,150796.89693937544,134025.43839227944,1401.4408193311938,72855.80387136157,301.881834344315,97681.3932967688,117163.01866179792
1,-1,g_5,7605013.33484202,1.5459244527094038e+16,Converged,458.81904355087374,1003702.6119368399,6161.42912167874,850206.6112226238,533.3962905398962,238392.5204483561,816198.0576358988,599.7390538387405,876374.5659043762
2,-1,g_6,10000546.82797758,1.602136368846927e+16,Converged,458.27055766460495,47407.704842905296,52240.51321843986,9006.917562384697,56448.91056002053,801.5330443190842,64423.46478445953,57409.81890567041,475.0958799483512
