,row,output,c_mean,c_var,status,cost,ls_dim_1,ls_dim_2,ls_dim_3,ls_dim_4
0,-1,f_1,85.64483793143134,19431.947968300297,Converged,82.08921160986756,5.316056254696849,15.656121179762788,89.59471719575828,47.44561512948991
1,-1,f_2,4.367411503138342,383.8563685873972,Converged,66.70627171033802,248.8187168074902,53.148837701998346,10.799023708382157,1.0193965510213117
2,-1,g_1,13584.915111939925,908.3728109917884,Converged,88.60155292602062,19838.54134541713,3.553787348396971,22603.53926974995,0.8199787484721234
3,-1,g_2,29697.033315382807,1843995.365204071,Converged,149.98946370259452,2513.1389109055526,70.32690111094882,12.298589359169917,1.076488870021016
4,-1,g_3,44.70410700107458,93946.6736032772,Errorb'ABNORMAL_TERMINATION_IN_LNSRCH',-112.07976519020443,1172.4217706712843,362881.96128347976,312184.345813115,2230.8878440183403
5,-1,g_4,15617793.166562844,210601475548013.44,Converged,323.8278365290549,17371.55937147906,16338.793857111214,12.271993224612276,3.018393788823313
