,row,output,c_mean,c_var,status,cost,ls_dim_1,ls_dim_2,ls_dim_3,ls_dim_4
0,-1,f_1,1016.4742386118473,124035057.32585922,Errorb'ABNORMAL_TERMINATION_IN_LNSRCH',138.70387759542166,61.815368849431536,207.413233555368,472.80543878374596,253.42619187346637
1,-1,f_2,49.70241545047863,5742.089278284321,Converged,281.6913014844606,3.8495227728630574,5.5996616102463115,9.797567703980077,588057.1854888652
2,-1,g_1,13581.356186580908,441.95869473590784,Converged,286.47083502373334,1.499015154221243,3.966379082566029,30.906953792434045,1.8116312494701323
3,-1,g_2,29255.89546294572,3208830.1401677155,Converged,573.9196900791069,7.595567025466873,90826.00789390264,0.9070364541421434,53.78473900726025
4,-1,g_3,-18.962940798556446,1285.64243005961,Errorb'ABNORMAL_TERMINATION_IN_LNSRCH',-663.3647122190193,458.7662721990932,15163.923913969431,14714.81954929757,471.644262911116
5,-1,g_4,11848600.000557816,82546578157452.78,Converged,1111.5998876270332,112403.96916505636,138213.17839759044,11.953682514132057,3.13131600900167
