,row,output,c_mean,c_var,status,cost,ls_dim_1,ls_dim_2,ls_dim_3,ls_dim_4
0,-1,f_1,113.79196449043297,53330.323331407286,Converged,55.14166458878121,9.25199078469892,14.225958266447014,142.26718400033585,98.97053050598672
1,-1,f_2,0.6727675727440048,1.0484176635911329,Converged,0.0445244005028016,144570.8606573504,182557.66728155353,4.725891277098417,8.387499252904256
2,-1,g_1,13590.301067916496,182.06317552002932,Converged,43.78888585123408,6.193085660095067,588.0557516433092,6.2618875669838765,0.9508538802680195
3,-1,g_2,29827.292347597442,32990.973026280226,Converged,69.85871622968685,3299.2188784815116,4472.64553365856,3.573608255034463,3.915359183806771
4,-1,g_3,-18.382034775590554,348.51655681317845,Converged,-11.242080338741445,78.6558560204279,1927.024568776391,2162.9474046870837,77.76138189087395
5,-1,g_4,10968534.961343165,88383387977059.8,Converged,198.79997723743165,2359.9940671675663,1440.9712433531192,10.917507157380818,2.0217462927955765
