,row,output,c_mean,c_var,status,cost,ls_dim_1,ls_dim_2,ls_dim_3,ls_dim_4
0,-1,f_1,415.0280410583646,2531709.500592493,Converged,122.72859005833536,23.332482540735622,81.42855107757154,198.58882067390093,78.24500481133188
1,-1,f_2,146.698318965555,75756.61688115976,Converged,201.69069703822663,3.578514361078884,11.626870883596604,11.209236446816496,15542963.074085496
2,-1,g_1,13582.657243734066,491.4018637952363,Converged,152.6140446756277,2.6741402845165334,6.999432166729214,37344.7328718183,0.9770385240942541
3,-1,g_2,27722.13093038632,12296839.262481263,Converged,342.39721464410906,5.9644331204626795,7.183426531192122,2.394803775992982,591971.7587805409
4,-1,g_3,-35.7038802863159,6003.746579488824,Errorb'ABNORMAL_TERMINATION_IN_LNSRCH',-272.3144168358025,834.8288923607404,28375.065036913016,29615.590225968954,824.010029773132
5,-1,g_4,11254817.222621664,110609569913819.44,Converged,600.1723614183358,436479.3236268774,666753.1021002713,10.787831537188652,3.0569251677052436
