,row,output,c_mean,c_var,status,cost,ls_dim_1,ls_dim_2,ls_dim_3,ls_dim_4,ls_dim_5,ls_dim_6,ls_dim_7,ls_dim_8
0,-1,f_1,226.46248969363137,150539.7064351454,Converged,111.32338084663895,0.33310443142821433,1568967337.9371593,1709934457.9205935,1030.049144193291,20448.70638021737,1417.9410255587802,4344.306459722577,45038.01893221983
