,row,output,c_mean,c_var,status,cost,ls_dim_1,ls_dim_2,ls_dim_3,ls_dim_4,ls_dim_5,ls_dim_6,ls_dim_7,ls_dim_8
0,-1,f_1,951.1883237715898,6894848.213345177,Errorb'ABNORMAL_TERMINATION_IN_LNSRCH',150.69791784350227,0.771525262717569,1265949854064.4197,1364146718957.5515,3229.748125859893,1378865027.734191,3712.683919877998,8077.441407389437,100289.15344939168
