,row,output,c_mean,c_var,status,cost,ls_dim_1,ls_dim_2,ls_dim_3,ls_dim_4,ls_dim_5,ls_dim_6,ls_dim_7,ls_dim_8
0,-1,f_1,139.00160583999434,60771.908936674066,Converged,84.49933671925405,0.24201426991020036,13592862688.473053,10931995151.927166,930.2070473351308,14031013.108229421,842.2372028036799,4190.295222330432,35446.014510330584
