,row,output,c_mean,c_var,status,cost,ls_dim_1,ls_dim_2,ls_dim_3,ls_dim_4,ls_dim_5,ls_dim_6,ls_dim_7,ls_dim_8
0,-1,f_1,439.97154186762396,1319735.7125722033,Converged,143.90703326389647,0.5859984287503474,153466639521.24002,176729741724.67685,2412.3580698090614,169627216.01353303,2534.878806376074,5968.364526468273,55583.11686984449
