,row,output,c_mean,c_var,status,cost,ls_dim_1,ls_dim_2
0,-1,f_1,92.87363497178465,6526.888477938872,Converged,52.76337116254568,7.071048990106287,5.085654859116813
