,row,output,c_mean,c_var,status,cost,ls_dim_1,ls_dim_2
0,-1,f_1,12817.27174897915,203128856.96771386,Converged,118.84656769734417,63.71729009162419,327.0650967535243
