,row,output,c_mean,c_var,status,cost,ls_dim_1,ls_dim_2
0,-1,f_1,48.44610025760737,2629.165152148622,Converged,31.709814814885977,3.5574495293210875,4.795009131124362
