,row,output,c_mean,c_var,status,cost,ls_dim_1,ls_dim_2
0,-1,f_1,74.39992434953837,3456.0166037958065,Converged,87.4768515795352,5.190616696398152,8.42507542602097
