,row,output,c_mean,c_var,status,cost,ls_dim_1,ls_dim_2,ls_dim_3,ls_dim_4,ls_dim_5,ls_dim_6,ls_dim_7,ls_dim_8
0,-1,f_1,15993.435171799694,5529813.339698889,Converged,667.9535982294256,30445.463318390382,30054.155197938584,30352.5682741466,300664613.46700376,300716225.4517966,300760755.07047284,290564298.4629877,307412825.41328204
1,-1,g_1,-46.05026861207356,493.53202217628404,Converged,-1506.0247264250058,12462302.108054187,11527440.266752986,11797324.999295501,127588.5795345808,1227614.284452054,112799.9910154742,1303747.7221811442,1239759.9759361688
2,-1,g_2,1.3118535742630884,963.1950765183767,Errorb'ABNORMAL_TERMINATION_IN_LNSRCH',-1349.8195370136918,11951034.718493298,10867360.420888921,11318800.419649234,179134.2775237737,176003.3388899119,1191227.9608465743,189323.1154149104,1237399.2889437499
3,-1,g_3,-2.900345409572393,2987.5050758759767,Converged,-1244.795166051791,13334162.423918579,11835623.40332009,12179060.33693902,1314715.672052738,93041.4476506571,1327953.342179844,1365848.9892076983,100891.55430015158
4,-1,g_4,-2042805.1504613033,1693515669468.4023,Converged,1690.927804444321,15787.816127517159,4310883211.975289,4357178168.882201,12061.295812581591,478999706.8489883,1438.2521474081125,464602049.72540826,463180152.94713396
5,-1,g_5,-141683.26703592087,2049030529535.1816,Converged,1986.1316614172508,1632752654.2514634,9819.806891724029,1544708791.8912175,1684.9651511296438,6621.582546373317,170226433.7730569,1553.23127563696,166973063.49357578
6,-1,g_6,145840.97860336088,2104700910532.7095,Converged,1900.8206550445902,1647235698.4129257,1493346921.8736527,9871.263067679905,167868060.20047858,1855.0757094689357,172103306.45251077,169088844.7487099,1669.0751765671298
