,row,output,c_mean,c_var,status,cost,ls_dim_1,ls_dim_2,ls_dim_3,ls_dim_4,ls_dim_5,ls_dim_6,ls_dim_7,ls_dim_8
0,-1,f_1,15858.731793731222,11490261.667439666,Converged,273.349848253708,20165.354281218963,20128.643596396523,20082.603956428513,30335005.398115113,32695607.41238225,26110905.345666505,33776344.422934614,30616017.13589051
1,-1,g_1,-1.0981059363480865,3613.49731693765,Converged,-271.6225742835412,139696242.6573025,112164286.90295474,117240054.9242056,168191.58949255105,14199806.726042764,298836.1157869889,14443411.169428159,13575859.14440383
2,-1,g_2,-35.56135382626603,14704.609712007463,Converged,-258.95039528952043,270817851.0942525,236335132.2184588,255096737.12835288,322267.6036037933,403524.7823541829,27359628.43705188,319598.5722127917,26835954.019552175
3,-1,g_3,-144.92875425128526,30626.65848373618,Errorb'ABNORMAL_TERMINATION_IN_LNSRCH',-234.3132385394889,306435397.4928019,247326268.19032925,256548291.17422232,29305459.554396775,168575.83187392674,31524253.311491184,29398121.84983229,143725.26430549382
4,-1,g_4,-1422055.6431258698,2938756179229.77,Converged,525.5960763199955,11656.836931372138,1011898410.5308329,1077353037.6311297,6624.822427687874,123187963.0262992,1097.1434001781145,118900926.21415947,123659312.75628544
5,-1,g_5,-548132.0701207529,4678877820123.117,Converged,573.8272688527912,261029782.35152605,9169.422880491753,248951453.5023858,1278.0155945321171,4369.090985355958,25973605.9200259,1162.3717477366615,24870735.61392081
6,-1,g_6,473988.0600235928,4132001900250.228,Converged,565.0225786191319,21620750.645611975,22314968.6167573,8883.186277785198,2176369.101229147,1193.2294143727424,2230390.0545525025,2088300.0025222988,1162.718580216916
