,row,output,c_mean,c_var,status,cost,ls_dim_1,ls_dim_2,ls_dim_3,ls_dim_4,ls_dim_5,ls_dim_6,ls_dim_7,ls_dim_8
0,-1,f_1,15987.278082256813,8696825.631110433,Converged,447.3005472507118,25221.63203948323,26334.903021070273,26035.650908387866,57973482.77026569,52162343.61349354,48109436.437893316,59271880.68358095,54095134.083146185
1,-1,g_1,-20.411739407958212,657.3519977191451,Errorb'ABNORMAL_TERMINATION_IN_LNSRCH',-691.3298529134906,54179177.41086186,49415678.836991586,49561541.909947075,87281.36489366843,5649869.774703149,129421.50150803219,5378847.27115855,5339032.552259097
2,-1,g_2,27.28440548183685,3539.4159886268567,Errorb'ABNORMAL_TERMINATION_IN_LNSRCH',-643.9332931807425,90302160.87818101,84162681.00984427,92371331.87651524,225950.90902006032,227862.54120504583,9707514.679717612,167356.75351429445,9804092.626237037
3,-1,g_3,-211.0658990317439,29929.913127679916,Errorb'ABNORMAL_TERMINATION_IN_LNSRCH',-553.288051580761,25773101.54595416,23476931.625593428,24050746.364177395,2585259.197540117,202387.74097109266,2652873.9551182194,2556659.3042401327,173857.0389956406
4,-1,g_4,-1779809.3356752605,2343072338805.939,Converged,950.3205621047373,14028.122842850566,700004541.0304435,678130833.4099075,9394.4557296015,76180302.16225009,1264.6585060721068,73282077.74479304,72116513.89399995
5,-1,g_5,229956.06200584525,2771215185462.105,Converged,1077.2256039732479,724002452.1486299,8966.182136425512,611854746.8375952,1433.0556159427842,5214.523100700821,68871299.7998945,1393.5164705507184,68156360.55756454
6,-1,g_6,147329.30495330426,2767378183196.05,Converged,1042.191171572262,262397145.08041176,234038621.54763785,9234.538628613229,25305689.785455298,1601.9756243016425,26284453.913457196,23970526.42353888,1369.3467037740502
