,row,output,c_mean,c_var,status,cost,ls_dim_1,ls_dim_2,ls_dim_3,ls_dim_4,ls_dim_5,ls_dim_6,ls_dim_7,ls_dim_8
0,-1,f_1,16597.81661974,18234986.137643725,Converged,186.4451530743384,17595.466464596695,19177.19896778018,19012.913769813975,7507567.912567692,7333933.4010404,7145304.924475408,7312567.518243063,6734951.102098898
1,-1,g_1,46.046341537117534,8591.34287588688,Converged,-144.3130322603191,670980524.3840958,474343118.9381342,487833611.5318534,245594.13577073548,48270159.070198715,206145.10474541894,60769422.34076296,57952567.591817416
2,-1,g_2,-157.99013548725407,43420.64792995876,Errorb'ABNORMAL_TERMINATION_IN_LNSRCH',-115.66892779180094,726467242.7738853,570398039.4554673,660337237.6351912,439567.2816815799,482842.65092937794,65819138.87639986,565951.1282140441,75386614.39745581
3,-1,g_3,-1.3192041012732543,23563.399666524743,Errorb'ABNORMAL_TERMINATION_IN_LNSRCH',-94.79770958499282,321384232.99451816,279378812.8971751,294458581.11453587,31464885.715069152,84233.94725884312,31740191.569541387,30308105.020813283,83174.84940704456
4,-1,g_4,-1153345.2936560246,4545733743328.282,Converged,339.075994101523,10608.873610470448,77171604.74378702,75374836.34694757,6297.514869126366,9072226.601759585,1001.5120182253613,8847318.127148543,7819909.14523081
5,-1,g_5,-142791.85785178907,4521485689478.872,Converged,354.45227632080486,97535956.96843453,8574.363313381016,74776464.3378347,928.643527863765,3123.100736224858,7940501.221202799,988.0306130949431,10417384.99478868
6,-1,g_6,87130.78150105425,7431082834510.478,Converged,358.64542185325223,104084110.51388907,101642836.34159349,8211.13325098399,11193197.789078202,1396.6093473248304,10681479.49354511,9349719.679474186,1032.0631492631428
