,row,output,c_mean,c_var,status,cost,ls_dim_1,ls_dim_2,ls_dim_3,ls_dim_4,ls_dim_5,ls_dim_6,ls_dim_7,ls_dim_8
0,-1,g_4,-5.934090272974925,113.85371740438775,Converged,134.08203468236766,5535.348132896761,829341.002301417,2443089.937744169,76661.41760582918,204121.52197779276,114.94263246421187,399.55079436884154,140902.39294933472
1,-1,g_5,-2.631575405164221,160.1354487568892,Converged,126.16949301891769,2721670.095145956,8276.035793878953,3713346.774849898,608.943556669503,327703.430627186,101872.34499125804,181.26498837763324,186973.62966616533
2,-1,g_6,1.3167710652881417,169.4318019237466,Converged,130.99407615737593,3261181.8589075706,739923.4557081996,5099.185403478503,207380.65361748135,873.088281180672,312140.82127738494,253378.14602839263,152.0299659936249
