,row,output,c_mean,c_var,status,cost,ls_dim_1,ls_dim_2,ls_dim_3,ls_dim_4,ls_dim_5,ls_dim_6,ls_dim_7,ls_dim_8
0,-1,g_4,-7.003031364598257,276.54399419619034,Converged,239.0881224604612,3992.1512661564184,46722896.87523236,39956610.51915842,834.0920602370592,4749631.2750150645,261.73839135640804,3617870.6528114853,3372518.492897585
1,-1,g_5,1.5744745989889475,196.44868601216132,Converged,274.37974555044656,18428.707492538168,7608.984610911836,755558.0548435204,353.3579393044668,825.2880240076953,2492.9377276807095,230.26549193587286,227624.59756546325
2,-1,g_6,-1.0490823850643516,125.42747820751465,Converged,233.44067089446318,8227569.107856794,8372770.617590841,6056.941036721357,814131.270117558,382.5347234202817,765583.0812376655,841113.0850466418,193.12831848548834
