,row,output,c_mean,c_var,status,cost,ls_dim_1,ls_dim_2,ls_dim_3,ls_dim_4,ls_dim_5,ls_dim_6,ls_dim_7,ls_dim_8
0,-1,g_4,-58609138.171237126,5790933288121476.0,Converged,1426.8891950753832,5024.355303107308,25911313.70944481,21699872.645854037,1346.8393951639555,2824474.9995697304,423.33783367901606,2162163.3386143213,2448275.0350943916
1,-1,g_5,8724718.605406279,9532149658324206.0,Converged,1493.118632328775,315193.4186183665,8963.704863798836,217692.8943132203,442.2812748671461,1571.9944225739532,6181.924772344801,405.8635966259671,34802.35360125137
2,-1,g_6,439898.3922094689,9927510580782578.0,Converged,1463.3542883382183,86349.56335293759,731260.0726117145,8985.80428009566,80533.98999707303,581.0276531500375,92768.77938538659,61693.85217213502,361.62176804515514
