,row,output,c_mean,c_var,status,cost,ls_dim_1,ls_dim_2,ls_dim_3,ls_dim_4,ls_dim_5,ls_dim_6,ls_dim_7,ls_dim_8
0,-1,g_4,-6.56492949014896,116.13772826020805,Converged,492.6185966842657,2076.7075719758886,19498.406089534852,8790.617990682726,1008.7418252626609,2817.507025706088,192.91677879309213,2778.957105289053,160145.7130634964
1,-1,g_5,0.22389328355591878,184.35908807543817,Converged,521.8957129524656,759176.98332472,6032.380047910027,22502.028909054337,226.59536518155377,871.3881434504345,98885.98187111696,217.2873070803207,79671.0575976496
2,-1,g_6,0.6515397664796915,129.53487100024077,Converged,493.9563511770567,35696.66972771682,1978154.1965261959,4161.168437335467,36944.144612927485,180.15011945223273,164912.37748043207,4213.36950009558,184.9666166600641
