,row,output,c_mean,c_var,status,cost,ls_dim_1,ls_dim_2,ls_dim_3,ls_dim_4,ls_dim_5,ls_dim_6,ls_dim_7,ls_dim_8
0,-1,g_4,-68258556.78653327,6934936049075856.0,Converged,741.9339404097508,5628.131732239699,39200102.07589003,42526404.8342078,1375.3846719268772,4112815.0978335943,318.0022263819869,3492335.0252980026,3748341.5583289657
1,-1,g_5,3823211.7056429354,1.2192123001979186e+16,Converged,748.5070377168935,33717827.06668593,12303.153146179353,32977543.474660676,794.7190823495058,3000.06316368522,3264203.8740335996,379.6776077563618,3649497.1821160777
2,-1,g_6,3683427.6469563083,1.2822475696773644e+16,Converged,745.6473346249594,112831504.662135,95941641.62827778,5133.680850189505,10888592.701925896,999.9432733250147,12198427.72335268,11739841.060473764,545.914787245098
