,row,output,c_mean,c_var,status,cost,ls_dim_1,ls_dim_2,ls_dim_3,ls_dim_4,ls_dim_5,ls_dim_6,ls_dim_7,ls_dim_8
0,-1,g_4,-40551047.01338695,5561313541918642.0,Converged,2816.0813331025156,4467.817404025092,161953.90405978553,278517.5304809381,1885.1275264687276,9047.943805279538,302.1797833610759,6733.482623783974,86469.48224718244
1,-1,g_5,10630472.456918431,8905995704784077.0,Converged,2931.9068730554977,190138.72721262867,7858.23097532868,166791.0710402665,418.2696541022099,1399.5049053423231,17379.936342535166,371.59754521142685,16625.01395218669
2,-1,g_6,333869.5773563447,8497748876638992.0,Converged,2875.1979616232766,74467.49348675343,596976.909573371,7001.508384372835,70381.81911094848,465.9841322530845,77659.1974442905,23017.549362826445,330.6607243636164
