,row,output,c_mean,c_var,status,cost,ls_dim_1,ls_dim_2,ls_dim_3,ls_dim_4,ls_dim_5,ls_dim_6,ls_dim_7,ls_dim_8
0,-1,g_4,-1153345.293656024,4545733743328.282,Converged,339.07599410152295,10608.873610834544,77171604.67901507,75374836.28369057,6297.51486870167,9072226.594145587,1001.5120181642137,8847318.119723078,7819909.138667596
1,-1,g_5,-142791.85785179032,4521485689478.871,Converged,354.45227632080554,97535950.13638984,8574.363313543145,74776459.0999767,928.6435278669783,3123.1007361771385,7940500.66502335,988.030613086545,10417384.265082993
2,-1,g_6,87130.78150103008,7431082834510.478,Converged,358.6454218532064,104084333.06485586,101643053.67266853,8211.133263203092,11193221.721976912,1396.6093435408372,10681502.332103658,9349739.67059627,1032.06314957017
