,row,output,c_mean,c_var,status,cost,ls_dim_1,ls_dim_2,ls_dim_3,ls_dim_4,ls_dim_5,ls_dim_6,ls_dim_7,ls_dim_8
0,-1,g_4,-53228342.36426479,1.0528449122882528e+16,Converged,456.00518411169696,7749.031577468076,66877727.06142486,86463047.21220577,1584.0718116498572,5327159.905988772,466.7580358814808,1846.0461905786603,7129393.050457261
1,-1,g_5,7605017.553946376,1.5459244527094042e+16,Converged,456.1329705204181,66997.62634545758,10732.502476888561,29266627.603473365,636.0158194550941,3161.5802189160027,2953659.944426603,597.8164353973435,3576770.02683001
2,-1,g_6,10000546.694620762,1.6021363688469278e+16,Converged,455.478819895202,26312479.57769555,24887548.20162608,6248.395386582617,2051679.7351234069,1080.4505694828442,2723072.7330078445,2179173.6105889566,616.8502731663833
