,row,output,c_mean,c_var,status,cost,ls_dim_1,ls_dim_2,ls_dim_3,ls_dim_4
0,-1,f_1,85.63955769508219,19431.334168238118,Converged,82.0892115946019,5.315992613727495,15.655885250994823,89.58664700405879,47.44385704247356
1,-1,f_2,2.496190400914376,51.72588652331236,Converged,63.17803629447732,3572.233296469738,165.7267727394522,3.0865907027072583,0.5427084875063961
2,-1,g_1,13584.914597424688,908.3978448089485,Converged,88.60155226764121,40573.083712466905,3.55393077919002,104267.63333026375,0.8199621768782251
3,-1,g_2,29699.541550619066,1843995.5409230762,Converged,149.98934139725117,11820.130446828045,70.30260093701054,12.306766804204097,1.0762053010222166
4,-1,g_3,-2.074488206984074,37921.83342097358,Errorb'ABNORMAL_TERMINATION_IN_LNSRCH',-103.74322599750937,1302.1721869105372,233221.78931043984,225851.70500675167,1568.7585887298133
5,-1,g_4,15617793.185187502,210601475548013.34,Converged,323.8270235454369,279319.4474736025,593521.5387209611,12.272285242827039,3.018545775314218
