,row,output,c_mean,c_var,status,cost,ls_dim_1,ls_dim_2,ls_dim_3,ls_dim_4
0,-1,f_1,414.4385782776962,2531509.470596515,Converged,122.72858982297785,23.331572363780996,81.43141139184031,198.57931522163432,78.23987812542457
1,-1,f_2,74.49202017642233,12979.569634049312,Converged,204.60019351541482,2.044543024029796,6.292508653377156,7.249217822762098,5073.556091401819
2,-1,g_1,13582.659499985668,491.45214919224355,Converged,152.61404440333845,2.674248390052261,7.000010351334903,59012.65127084922,0.9770297570561226
3,-1,g_2,27710.869848415332,12296839.27522071,Converged,342.39719345216605,5.962956881287637,7.183499657170297,2.395574784013761,2032693.4125650772
4,-1,g_3,-31.210057870281915,4132.024518186973,Errorb'ABNORMAL_TERMINATION_IN_LNSRCH',-275.31929109958276,702.3611130448008,66615.05387403337,53252.73356875356,667.8586944652975
5,-1,g_4,11254817.030269241,110609569913819.1,Converged,600.172354230039,563298.4424308892,1190332.386359112,10.78803649732353,3.056831270889603
