,row,output,c_mean,c_var,status,cost,ls_dim_1,ls_dim_2,ls_dim_3,ls_dim_4
0,-1,f_1,113.7205459451012,53280.96613783156,Converged,55.14166479937109,9.250166148258383,14.221901545479385,142.20800530896773,98.91617919747038
1,-1,f_2,0.6727705989511596,1.0483948071594045,Converged,0.04452441077410452,129745.98089127762,372874.53162866464,4.7258403037664145,8.387558414260052
2,-1,g_1,13590.298016109264,182.4140316532192,Converged,43.78850824952818,6.205527675835954,1442.3851785585805,6.270042276843628,0.9514622771385098
3,-1,g_2,29827.350639780954,32991.12286930905,Converged,69.8585962722304,4962.264466204516,11020.328245888348,3.5735806486294814,3.915343787387188
4,-1,g_3,573.9419607530797,407675.1331108041,Converged,-42.929179792281815,2897.3355775755317,368601.36428261356,375070.5800009561,2809.11890372111
5,-1,g_4,10968534.961599877,88383387977059.64,Converged,198.7994428892087,5424.4354831389155,6767.012353494593,10.920673661439128,2.021453082241143
