,row,output,c_mean,c_var,status,cost,ls_dim_1,ls_dim_2,ls_dim_3,ls_dim_4
0,-1,f_1,944.3642278766795,123951767.95509066,Errorb'ABNORMAL_TERMINATION_IN_LNSRCH',138.7038490846928,61.79714234993918,207.44581246246318,473.1380871721889,253.06964431665895
1,-1,f_2,49.70300967247539,5742.322369643291,Converged,281.691301527301,3.849629686032502,5.599645415317432,9.797601959279795,546153.3684379014
2,-1,g_1,13581.36097057591,441.9424312025018,Converged,286.47083437243475,1.498789878301989,3.9661062281035635,30.91597300034391,1.8117730279137918
3,-1,g_2,28922.308194614776,3208829.444943166,Converged,574.0327623306184,7.637116259468234,10141.365028052707,0.9099113160787997,52.535504867955744
4,-1,g_3,-0.5685875307133682,806.0842195691531,Converged,-661.0152591735474,395.6544657006592,31297.094529320682,26695.991329458546,376.6271443155866
5,-1,g_4,11848599.999834253,82546578157451.84,Converged,1111.5961258386415,845070.5667477685,1963852.1112056726,11.954578253824678,3.1314478522666125
