,row,output,c_mean,c_var,status,cost,ls_dim_1,ls_dim_2,ls_dim_3,ls_dim_4,ls_dim_5,ls_dim_6,ls_dim_7,ls_dim_8
0,-1,f_1,87.6337687335746,32809373.277019598,Errorb'ABNORMAL_TERMINATION_IN_LNSRCH',120.8966959860742,1.2408719943239692,3017319186.3454833,321623212.97346795,5339.419185928735,115784.34333361252,5707.043147461352,12421.161344738419,143798.7198018951
