,row,output,c_mean,c_var,status,cost,ls_dim_1,ls_dim_2,ls_dim_3,ls_dim_4,ls_dim_5,ls_dim_6,ls_dim_7,ls_dim_8
0,-1,f_1,139.02996848791392,60776.33852382271,Converged,84.49933539408484,0.24201601892687669,4311231547115195.0,4311231547115195.0,930.2330309312574,4311231547115195.0,842.2216747757984,4190.302278071098,35447.110097343786
