,row,output,c_mean,c_var,status,cost,ls_dim_1,ls_dim_2,ls_dim_3,ls_dim_4,ls_dim_5,ls_dim_6,ls_dim_7,ls_dim_8
0,-1,f_1,651.1675088041762,3469766.8892274513,Converged,136.45674572009864,0.7649633506822076,2135165796.5105374,4311231547115195.0,3202.8355716724213,48058.639768213354,3143.865563157853,8424.442686145856,76316.70898174355
