,row,output,c_mean,c_var,status,cost,ls_dim_1,ls_dim_2,ls_dim_3,ls_dim_4,ls_dim_5,ls_dim_6,ls_dim_7,ls_dim_8
0,-1,f_1,226.3459586748789,150398.85334751243,Converged,111.32226193749315,0.33302681405246826,4311231547115195.0,4311231547115195.0,1029.732695843076,20435.130807220536,1417.6642364333936,4343.541407474827,45033.37128223184
