,row,output,c_mean,c_var,status,cost,ls_dim_1,ls_dim_2
0,-1,f_1,78.38757381846274,3110.303465479796,Converged,52.36775323639508,4.542019319742933,3.450932024954509
