,row,output,c_mean,c_var,status,cost,ls_dim_1,ls_dim_2
0,-1,f_1,108.77360851232875,9315.288682343871,Converged,87.22271042060704,6.615259778575255,13.451447937305954
