,row,output,c_mean,c_var,status,cost,ls_dim_1,ls_dim_2
0,-1,f_1,48.44592293362283,2629.1391821758198,Converged,31.709814814509713,3.5574914128402413,4.794834339441255
