,row,output,c_mean,c_var,status,cost,ls_dim_1,ls_dim_2
0,-1,f_1,93.67411831456667,6823232179.106378,Errorb'ABNORMAL_TERMINATION_IN_LNSRCH',118.75747638368209,129.3460774945479,770.3715086557139
