,row,output,c_mean,c_var,status,cost,ls_dim_1,ls_dim_2,ls_dim_3,ls_dim_4,ls_dim_5,ls_dim_6,ls_dim_7,ls_dim_8
0,-1,f_1,15844.268551439241,380404825458.16406,Errorb'ABNORMAL_TERMINATION_IN_LNSRCH',42.11595943947273,2628096.9555618553,1048838.35805627,2429211.7078142753,20955443704362.82,6733869376730.162,252878417666.38077,9664341100375.209,2488105328733.3516
1,-1,g_1,2.7502105474182468,2784.462422008154,Errorb'ABNORMAL_TERMINATION_IN_LNSRCH',-355.75131679906065,33691722931480.68,7274716760916.309,7797915079380.741,112250.09041369466,6823693634242.128,140513.55463814863,5965481116249.0205,2806318064088.5947
2,-1,g_2,0.4564101249589893,14692.883847657364,Converged,-313.7775769471442,27862660432931.625,4089824675289.0728,17128255925814.475,250727.4004072292,263312.03856253164,7724209009120.901,264982.60220813693,7649157488976.457
3,-1,g_3,-0.6243948416844797,22535.445086326967,Converged,-289.0593694432177,357452659782.068,367345637021.72974,665227024742.4309,31662976202.045773,122167.16009947633,19434913782.25178,56305886256.80783,121509.46388659111
4,-1,g_4,-1422055.8347204158,4311231547115195.0,Converged,458.59925924024947,117158.81477366759,18435433061.71175,160343926541.25745,272747.26747834496,31728709924.256657,11989.216934083268,2637961457.62998,45946731586.80097
5,-1,g_5,-548132.0178696093,4311231547115195.0,Converged,524.0038933597694,2249721382.1485558,46562.19819328089,5077768612.084672,19762.35148462617,114727.26921125404,184209517.12105545,22843.66905855669,71616516.38100736
6,-1,g_6,473988.06266077975,4311231547115195.0,Converged,510.0261238537464,2860103943.6431513,9419565748.851408,47364.054762679814,115952644.02244832,17896.40494445806,256077042.70775932,838629538.3423115,19953.973430217306
