,row,output,c_mean,c_var,status,cost,ls_dim_1,ls_dim_2,ls_dim_3,ls_dim_4,ls_dim_5,ls_dim_6,ls_dim_7,ls_dim_8
0,-1,f_1,15954.33252172781,40690831461.64507,Converged,-47.59516755392636,1156692.0123037123,1938773.327671943,1821599.9696033937,199769484375.08936,102008552949.71059,126457973209.66754,49251644806.75963,248263114285.3652
1,-1,g_1,1.3545715101372995,282.3122103459134,Errorb'ABNORMAL_TERMINATION_IN_LNSRCH',-779.0663278012462,105887284780.86911,52124068345.085815,71552646280.25186,71124.54838581369,14586436837.455105,71186.45234129764,9700371477.920229,6800108141.077187
2,-1,g_2,0.4363488895000834,2885.3493686282277,Converged,-710.4443931018182,536208377434.56793,362866609268.53925,341071809097.82306,170856.00362177496,135611.822194194,44788801885.99704,174860.7969458161,30653997065.918415
3,-1,g_3,-0.7400711547372981,8987.752341063786,Converged,-671.5158549225616,112505629710.36429,456546354385.54285,196995978047.94897,7796229833.687576,57849.14967034264,12929063412.93972,5733716068.297493,79470.14218553212
4,-1,g_4,-1779809.2516312257,4311231547115195.0,Errorb'ABNORMAL_TERMINATION_IN_LNSRCH',773.833547157359,125754.6763921341,245344199532.0627,64894787620.73727,374179.7387026653,19674778442.12776,12786.182846904027,3648389539.7147484,3718548423.250696
5,-1,g_5,229955.94450734262,4311231547115195.0,Converged,930.4213912937632,14526855955.57814,47954.68922385609,1662366485.955095,16736.442247327206,308350.2525407196,313174419.0665229,31771.502478640632,680403992.2057472
6,-1,g_6,147329.29995566004,4311231547115195.0,Converged,893.1439202987767,8707170735.660929,4879399446.648616,51284.42324024465,695088315.8366407,22027.247910193524,299093236.76571167,212802383.94815224,21664.750690806668
