,row,output,c_mean,c_var,status,cost,ls_dim_1,ls_dim_2,ls_dim_3,ls_dim_4,ls_dim_5,ls_dim_6,ls_dim_7,ls_dim_8
0,-1,f_1,16167.388610328966,3786519460.047777,Errorb'ABNORMAL_TERMINATION_IN_LNSRCH',-143.3343759449382,1124386.1710901603,922519.8716581042,700672.4054439333,556103411.8773617,686549120.5072758,728028065.6391095,1449427637.8925042,794052917.8999271
1,-1,g_1,1.5476494577811235,22.761069416712573,Converged,-1575.0749405202655,2124807231.5398722,2823200946.7998023,4884369100.694079,43751.549465889395,190868815.78397283,32971.5554967338,485612579.53535974,212862190.50401825
2,-1,g_2,0.23365604052093025,233.46829945129977,Errorb'ABNORMAL_TERMINATION_IN_LNSRCH',-1474.526268309003,84215493508.18292,86520144918.89935,59232280066.87829,110616.32431882984,88377.53401049814,8923661276.777609,84275.10249116,6512873089.296177
3,-1,g_3,-0.8647971496667302,571.7717342228112,Errorb'ABNORMAL_TERMINATION_IN_LNSRCH',-1396.802126655101,1220987839.0523043,1368917106.8081224,1338472391.7318904,213043756.7471169,36755.59545050239,168268011.0027704,130023851.83281864,31282.84790282769
4,-1,g_4,-2042805.2562312933,4311231547115195.0,Errorb'ABNORMAL_TERMINATION_IN_LNSRCH',1290.2874657404548,137240.21955676578,228314531734.01733,181972688768.24582,555169.39822677,14206720578.780184,16959.36481992072,25846554828.6128,20013844066.987347
5,-1,g_5,-141683.35359066422,4311231547115195.0,Converged,1672.337011335022,24000249776.137245,58998.32963240191,31906675753.00606,48339.14264908808,246834.5480866584,1253226392.7338202,41591.01960258053,3180796128.5278645
6,-1,g_6,145840.90047811344,4311231547115195.0,Errorb'ABNORMAL_TERMINATION_IN_LNSRCH',1535.5381935901917,145973514196.31854,86431279663.47827,51120.20017638369,20554224433.325523,31380.330754002392,30386538041.87151,17600050770.27186,31651.55207225568
