,row,output,c_mean,c_var,status,cost,ls_dim_1,ls_dim_2,ls_dim_3,ls_dim_4,ls_dim_5,ls_dim_6,ls_dim_7,ls_dim_8
0,-1,f_1,16595.99580222209,433819034767.1893,Errorb'ABNORMAL_TERMINATION_IN_LNSRCH',49.03463930339497,4109715.3309252276,3680570.8826595866,3173832.4316700944,327344917134.4806,310878768896.72546,42302771850.32701,133608721071.05461,152307390085.86328
1,-1,g_1,2.1645692979322306,4773.2403891653075,Converged,-179.6560189220771,3369507739380.089,381809485204.1287,380885889585.1398,148668.11917345325,12120842976.047909,134255.25880352675,51402914004.08726,207647234198.04312
2,-1,g_2,0.5605337034423103,27731.150117318684,Errorb'ABNORMAL_TERMINATION_IN_LNSRCH',-145.07312290868182,2429647959144.326,293044356042.5887,19539335472420.875,506843.6307349284,359189.2038749787,240613325732.9157,405333.7663114018,197632950195.4
3,-1,g_3,-0.7868848825301012,217067.96901423336,Converged,-127.74449307874323,295172999284726.6,45030131658024.7,227796641172492.44,4183047934744.9297,446467.3661795336,23383383894976.617,3478470917202.5576,90881.15745331548
4,-1,g_4,-1153345.2573302966,4311231547115195.0,Converged,310.0824629857598,88054.74278915604,13300482302.69295,10315629075.691614,288823.6504595248,6605838252.874178,11810.90782962192,3629631887.227013,745067370.5817851
5,-1,g_5,-142791.86590419005,4311231547115195.0,Converged,339.63875891810153,4160363703.5916367,41092.69993375892,528536402.4238773,16117.445842729727,125536.35299973092,47825440.35222197,17103.293961655756,1032111966.9786812
6,-1,g_6,87130.79119999285,4311231547115195.0,Converged,334.1043386626674,1283270398.3371458,7250397605.769307,46607.06017774266,407084398.929611,13032.518100817744,598864901.6396431,134354994.75762364,13118.545930559687
