,row,output,c_mean,c_var,status,cost,ls_dim_1,ls_dim_2,ls_dim_3,ls_dim_4,ls_dim_5,ls_dim_6,ls_dim_7,ls_dim_8
0,-1,g_4,-68258556.78718539,4311231547115195.0,Converged,745.1408741587293,4829.131751867341,322846.34286070155,419208.63703414483,1273.795800936165,78094.23696856656,289.86720603531165,42104.16275485169,9568.49299427914
1,-1,g_5,3823211.706454509,4311231547115195.0,Converged,757.2942821146385,6795542.43024618,9739.380675608345,4475935.591026753,461.3698202583447,1775.8175850050088,129822.57690541027,372.1885810248449,359449.8720392841
2,-1,g_6,3683427.646839902,4311231547115195.0,Converged,754.531365982474,121185.27943976806,103953.4828818153,4147.889890128244,5311.196776105461,715.6734315803402,15590.404957224615,10110.00421432613,396.7542555308874
