,row,output,c_mean,c_var,status,cost,ls_dim_1,ls_dim_2,ls_dim_3,ls_dim_4,ls_dim_5,ls_dim_6,ls_dim_7,ls_dim_8
0,-1,g_4,-40551047.01326585,4311231547115195.0,Converged,2819.402009594601,4156.9306442860325,136374.31654573843,158929.83530959612,1640.7482888437285,8875.714363715731,280.16721329060954,10134.078350611964,32108.791146061296
1,-1,g_5,10630472.45691998,4311231547115195.0,Converged,2945.3311023092792,68065.9254470473,5983.77423820878,65765.81625626839,400.6820283380952,1102.4439909721746,5615.9533347007755,337.67984583132295,4984.39407795346
2,-1,g_6,333869.57722925174,4311231547115195.0,Converged,2882.499848128708,55877.62877564745,329032.34405476693,5704.972111985719,30030.173190192658,401.98011338581875,45359.84751795645,15045.03753259421,286.96413461190184
