,row,output,c_mean,c_var,status,cost,ls_dim_1,ls_dim_2,ls_dim_3,ls_dim_4,ls_dim_5,ls_dim_6,ls_dim_7,ls_dim_8
0,-1,g_4,-1153345.2573302921,4311231547115195.0,Converged,310.0824628570886,88054.74211543358,13300481865.116055,10315628737.220364,288823.6472751154,6605838011.283795,11810.907767819072,3629631758.1005564,745067346.6797893
1,-1,g_5,-142791.86590418895,4311231547115195.0,Converged,337.3332572796871,4160529978.0452595,47174.65391861392,529442046.74951506,11421.751026821692,108638.0598571114,48029596.33478281,11988.361453731266,1032116592.551691
2,-1,g_6,87130.79119998822,4311231547115195.0,Converged,334.10433866224395,1283270398.6493025,7250397607.694659,46607.06005350947,407084399.03312236,13032.518122114656,598864901.7922703,134354994.78933805,13118.545958046812
