,row,output,c_mean,c_var,status,cost,ls_dim_1,ls_dim_2,ls_dim_3,ls_dim_4,ls_dim_5,ls_dim_6,ls_dim_7,ls_dim_8
0,-1,g_4,-58609138.171253815,4311231547115195.0,Errorb'ABNORMAL_TERMINATION_IN_LNSRCH',1430.8758453544385,4648.082193285338,114857282535.58441,8334021877.268798,1248.8272372529098,18443507098.355625,385.95977076609176,157835086.91340354,824832490.6267825
1,-1,g_5,8724718.605405977,4311231547115195.0,Converged,1506.4244431285936,40323.677711044096,6645.8815001156045,27331.98133431727,369.11936806060413,1092.83980085624,3963.6275178725587,384.6442691888413,5384.902508366513
2,-1,g_6,439898.39225171966,4311231547115195.0,Converged,1470.0255372220597,82350.18901385462,136101.031009998,6322.221677483355,13517.574995681403,497.78682750798737,22003.379366403267,13396.965219149219,304.0685941831923
