,row,output,c_mean,c_var,status,cost,ls_dim_1,ls_dim_2,ls_dim_3,ls_dim_4,ls_dim_5,ls_dim_6,ls_dim_7,ls_dim_8
0,-1,g_4,-6.565797920647433,116.15596781564732,Converged,492.616799371624,2076.858058510197,19503.9257502624,8790.694601694457,1008.8358064538622,2818.063488509949,192.91507481742502,2778.1568508775886,38057480.56181736
1,-1,g_5,0.22449201404134977,184.95418223767018,Converged,521.8842361158434,56297921534.77185,6040.2295158326515,22544.226010251445,226.67996096146743,873.0017800476949,677626545928.7795,217.49655395881877,4161314647.256862
2,-1,g_6,0.6535670039751166,114.08414326886306,Converged,495.5793292145994,15562.293002002782,81013883.85460828,3957.757283300535,3612.82057457449,307.4372348653455,160583.46668293877,1522.197241365356,169.34877528980024
