,row,output,c_mean,c_var,status,cost,ls_dim_1,ls_dim_2,ls_dim_3,ls_dim_4,ls_dim_5,ls_dim_6,ls_dim_7,ls_dim_8
0,-1,g_4,-5.928626562309585,113.97443257487402,Converged,134.07991930192486,5536.500622455672,235391649.27801803,34314842.88182596,47402333.16950149,32300906.07048189,114.99969622308939,399.8048759505648,1557837.5018040244
1,-1,g_5,-2.6326887455226426,160.3186664665453,Converged,126.16762735077418,1033865206683.5377,8279.514372558435,603766858521.8224,609.0311167972569,32449636779221.297,57723671.68549856,181.31273626074096,1384454735.1105006
2,-1,g_6,2.2953894443709553,188.05331986927362,Converged,130.70452324906833,47628.853393970734,5427232032.401573,4382.690013388916,245003160.2596972,949.231782659674,2769918805.9621763,42136179.218240455,197.72561524332494
