,row,output,c_mean,c_var,status,cost,ls_dim_1,ls_dim_2,ls_dim_3,ls_dim_4,ls_dim_5,ls_dim_6,ls_dim_7,ls_dim_8
0,-1,g_4,-53228342.37096856,4311231547115195.0,Errorb'ABNORMAL_TERMINATION_IN_LNSRCH',460.5505203349251,5466.149480439031,106639.50011683338,123415.80113155789,1123.2081597868628,8408.040590950908,300.21324444224825,1485.759704440014,10078.607452424492
1,-1,g_5,7605017.555232694,4311231547115195.0,Errorb'ABNORMAL_TERMINATION_IN_LNSRCH',463.3004329089679,38007.282087850566,7821.851718467114,56733.478075519386,408.23469032477055,1614.046319545551,3173.800328934489,346.5320731384699,7943.6748401721115
2,-1,g_6,10000546.694550429,4311231547115195.0,Errorb'ABNORMAL_TERMINATION_IN_LNSRCH',463.8175314625199,81100.38406494392,105804.681254412,4846.575297566267,4941.662674359703,679.8419993598086,9336.05629152414,4413.572787081963,422.73142640896225
