,row,output,c_mean,c_var,status,cost,ls_dim_1,ls_dim_2,ls_dim_3,ls_dim_4
0,-1,f_1,74.38956085746781,124591806.08005002,Errorb'ABNORMAL_TERMINATION_IN_LNSRCH',138.7082365238544,61.85413062696165,207.70591989808028,473.52701596005426,253.43938794859372
1,-1,f_2,49.70372433413236,5742.208832828923,Converged,281.69130106340583,3.8496121200737967,5.599644939997614,9.797555728844817,4311231547115195.0
2,-1,g_1,13581.360931637615,441.91720293492835,Converged,286.4708343641021,1.4987723888068676,3.966011782661831,30.91549607243971,1.8117224183669773
3,-1,g_2,28921.924388570522,26066731.591016322,Converged,571.1167396752392,13.181019855589604,1151025.8024265165,1.684210676612106,110.5120029347729
4,-1,g_3,0.06714119671683287,3469.7901157223228,Converged,-713.930586844514,227.66957136118825,368624204.6439913,1120750142.3410633,428.77198964814085
5,-1,g_4,11848599.995292107,4311231547115195.0,Converged,1041.7851539627502,8066963.238953565,22982066.876956705,42.348313525905844,10.060793268996507
