,row,output,c_mean,c_var,status,cost,ls_dim_1,ls_dim_2,ls_dim_3,ls_dim_4
0,-1,f_1,113.80037457690395,53326.54411882043,Converged,55.141664572869885,9.252061083699248,14.225238476933693,142.25769076787464,98.96784697326805
1,-1,f_2,0.6728065946648526,1.0484541442825734,Converged,0.04452429315406636,3614005.4435556247,530272.559005701,4.72590958846785,8.387630363190869
2,-1,g_1,13590.298169213724,182.49179757420498,Converged,43.78843368212932,6.209784902405582,58200.773584365095,6.27146395889759,0.9515495159744192
3,-1,g_2,29750.424167137968,88692.81657076583,Converged,69.45231600068824,4311231547115195.0,4311231547115195.0,5.255695885320267,5.63399588370471
4,-1,g_3,-0.5244834241751876,191602.58538026805,Errorb'ABNORMAL_TERMINATION_IN_LNSRCH',-58.63165171833778,1593.5880659289633,2685575416847.6997,350419378838955.8,1810.4915095403492
5,-1,g_4,10968534.961489368,1042928349453062.6,Converged,196.8997650664994,5928804.679308718,346404.6001018086,24.19784891020818,4.986742612757652
