,row,output,c_mean,c_var,status,cost,ls_dim_1,ls_dim_2,ls_dim_3,ls_dim_4
0,-1,f_1,79.25344417630451,19441.3191368441,Converged,82.09097253093952,5.309544594544012,15.672721566289125,89.70981876549952,47.520826266678
1,-1,f_2,2.491646028864821,51.628521908748915,Converged,63.17754014571423,293632.59400091367,4239.741364735585,3.068219684229535,0.5423245485998598
2,-1,g_1,13581.108403733135,1298.612332323464,Converged,88.11408991120118,8.515596929078455,5.486223499328336,4311231547115195.0,1.1657240356489742
3,-1,g_2,29805.895239684476,220860.73028271153,Converged,146.27352485410785,4311231547115195.0,4311231547115195.0,3.0791768807489928,0.5895310741188485
4,-1,g_3,-0.6321493458425561,56438.212595846875,Converged,-130.78583027786195,970.3396846633642,23352499632.456577,43450792359.708534,1202.8860597960263
5,-1,g_4,15617793.163496276,4311231547115195.0,Converged,314.8502150231029,315596.1872900324,1190447.6351327838,32.69824739213653,7.51979223647621
