,row,output,c_mean,c_var,status,cost,ls_dim_1,ls_dim_2,ls_dim_3,ls_dim_4
0,-1,f_1,77.81215193753462,2582775.074244363,Converged,122.76010207276217,23.403161654647207,81.89658476623866,199.77552301688533,78.54913076091312
1,-1,f_2,146.71005381601714,75760.15500313941,Converged,201.69069702706557,3.5785616298143297,11.627455033289985,11.209000791735315,4311231547115195.0
2,-1,g_1,13582.674675746446,491.23223299820484,Converged,152.61404888928277,2.673468305462525,6.998939962207815,15902.162946115823,0.9768902548916355
3,-1,g_2,12310.211318910375,323107400.4597439,Converged,338.2709975551383,5.365548085946548,184.06755600158883,6.294141528638695,4311231547115195.0
4,-1,g_3,-0.14467288519878274,5348.334841661215,Errorb'ABNORMAL_TERMINATION_IN_LNSRCH',-311.16257029405244,498.45320911857164,3649465.690231955,5355253.183538094,530.2629558117428
5,-1,g_4,11254817.000165151,4311231547115195.0,Converged,571.8136888961054,213686.02135141002,752105.3001901632,33.987116960572834,8.390315509390986
