,row,output,c_mean,c_var,status,cost,ls_dim_1,ls_dim_2,ls_dim_3,ls_dim_4,ls_dim_5,ls_dim_6,ls_dim_7,ls_dim_8
0,-1,f_1,651.1195994111647,3489785.072209334,Converged,136.46612742458382,0.7649597799631102,509205882770.7631,4311231547115195.0,3221.9168251105434,47898.75522575522,3154.3225134543977,8391.880159215867,76420.9809518228
