,row,output,c_mean,c_var,status,cost,ls_dim_1,ls_dim_2,ls_dim_3,ls_dim_4,ls_dim_5,ls_dim_6,ls_dim_7,ls_dim_8
0,-1,f_1,226.37438233321467,150393.48833142623,Converged,111.32226192053304,0.33302310012104547,4311231547115195.0,4311231547115195.0,1029.7372621726956,20435.707704603272,1417.6690685441154,4343.500925506215,45031.301421122436
