,row,output,c_mean,c_var,status,cost,ls_dim_1,ls_dim_2,ls_dim_3,ls_dim_4,ls_dim_5,ls_dim_6,ls_dim_7,ls_dim_8
0,-1,f_1,139.03050587975113,60778.44463540492,Converged,84.49933540774501,0.2420203109118514,4311231547115195.0,4311231547115195.0,930.2594933794858,4311231547115195.0,842.2168983577762,4190.3191299626815,35445.89930896832
