,row,output,c_mean,c_var,status,cost,ls_dim_1,ls_dim_2,ls_dim_3,ls_dim_4,ls_dim_5,ls_dim_6,ls_dim_7,ls_dim_8
0,-1,f_1,250.99096293269454,32734615.641487062,Errorb'ABNORMAL_TERMINATION_IN_LNSRCH',120.88592043573719,1.2403031547538004,3010476118.5573015,319433777.519371,5337.796370487313,115767.82633426589,5702.223024134748,12417.364539962959,143753.48642395926
