,row,output,c_mean,c_var,status,cost,ls_dim_1,ls_dim_2
0,-1,f_1,108.77411988124813,9315.633904063332,Converged,87.22271042052337,6.615326037008136,13.451668367822647
