,row,output,c_mean,c_var,status,cost,ls_dim_1,ls_dim_2
0,-1,f_1,78.38881072775797,3110.330509285497,Converged,52.367753235822036,4.542003443662369,3.4509108416517247
