,row,output,c_mean,c_var,status,cost,ls_dim_1,ls_dim_2
0,-1,f_1,196.98412876241358,6795824070.784884,Errorb'ABNORMAL_TERMINATION_IN_LNSRCH',118.7560442860894,129.24299043162566,769.6326263609061
