,row,output,c_mean,c_var,status,cost,ls_dim_1,ls_dim_2
0,-1,f_1,48.445989846212505,2629.149886415408,Converged,31.709814814402648,3.557515954942366,4.794970188956016
