,row,output,c_mean,c_var,status,cost,ls_dim_1,ls_dim_2,ls_dim_3,ls_dim_4,ls_dim_5,ls_dim_6,ls_dim_7,ls_dim_8
0,-1,f_1,15848.793633386866,33780438746.95453,Errorb'ABNORMAL_TERMINATION_IN_LNSRCH',-50.108078816548954,1430696.2432927163,1665205.110943559,1835429.792999903,242417577400.73917,149130674191.75653,136736534878.44632,107465652278.37227,203929339910.8194
1,-1,g_1,1.4943490465528895,327.02600503240274,Errorb'ABNORMAL_TERMINATION_IN_LNSRCH',-780.8021681012315,310998806997.9276,235117522442.35596,237371076982.87817,79861.86511229887,31867881199.980904,57920.39015785851,18742267967.947052,13811572307.336573
2,-1,g_2,0.257919777721415,2446.5181023203677,Converged,-702.4266138475691,2303731076241.6475,1996344209860.0828,2149015393909.4307,140556.53764438492,195554.45656757054,193779656748.9811,123811.5726720868,242991767977.59387
3,-1,g_3,-0.32042362720586565,3903.218871036212,Errorb'ABNORMAL_TERMINATION_IN_LNSRCH',-671.1033551741996,741862241261.8467,1195401132296.647,1198956573113.1064,46482006297.3392,66606.5531935812,66316627144.69063,40358991488.75754,63907.8131536331
4,-1,g_4,-2107856.6234603357,4311231547115195.0,Errorb'ABNORMAL_TERMINATION_IN_LNSRCH',773.8195789315857,126444.622660076,295779666033.0684,61167867799.404144,375076.53873309173,13114492885.957088,12722.62201206457,44383572309.93512,11425640214.292585
5,-1,g_5,352919.6887209866,4311231547115195.0,Converged,917.4460367572669,86787701084.98253,60286.67950708295,39839520070.90965,20563.66633744141,158828.5593866373,3618244259.9868264,20939.217755401274,4814861022.96055
6,-1,g_6,1129565.23562656,4311231547115195.0,Converged,893.1396946664777,48783842630.25684,26466435471.20364,48996.27226608019,4106663567.1648126,23162.19547267926,4348578940.082376,2824974036.5838265,23579.620764583335
