,row,output,c_mean,c_var,status,cost,ls_dim_1,ls_dim_2,ls_dim_3,ls_dim_4,ls_dim_5,ls_dim_6,ls_dim_7,ls_dim_8
0,-1,f_1,15803.925416707107,7644289889.928948,Converged,-220.55603630005658,1031016.120531502,821004.7060002822,886774.7628969311,14259900625.364456,16109660594.358883,16080317434.334814,28370300928.20994,17999580121.03709
1,-1,g_1,1.605288878381374,62.780967421620765,Converged,-1632.3578002595493,6087952647.532218,5850980461.751987,7886826545.923184,24857.933057266753,580423615.9022459,54900.12931229171,642469282.0368614,600754288.7593472
2,-1,g_2,0.2978050717319864,718.5446137238139,Converged,-1513.5806018603785,9376184811.235611,9701278291.601818,9908851094.830116,76668.6748171834,123775.26712692973,969450340.7703813,84312.4905264563,1218000206.3568482
3,-1,g_3,-1.0106912508911134,362.08990529940195,Errorb'ABNORMAL_TERMINATION_IN_LNSRCH',-1373.4890795026254,2974972599.593844,2606098635.6918964,3019673530.4680104,382995325.27818316,34441.80340733234,278593985.8096362,328374669.21198624,33420.645829441535
4,-1,g_4,-2434132.7548142173,4311231547115195.0,Errorb'ABNORMAL_TERMINATION_IN_LNSRCH',1293.3844744509138,136405.111577691,22702721983.293682,18175427714.715694,548860.7433568517,1860419711.6035352,16802.046056285173,825150014.8209459,1964477983.8857675
5,-1,g_5,934453.4846014814,4311231547115195.0,Maximum number of f evaluations reached,1592.2441931508802,2598893572.314635,54669.11405441086,3146060282.842203,28953.694699846405,294623.8064572043,304199961.2069028,28100.924921626403,292309270.28121805
6,-1,g_6,1527858.676291749,4311231547115195.0,Errorb'ABNORMAL_TERMINATION_IN_LNSRCH',1535.5382936799488,185433263762.0013,107331099512.7072,51887.27956269317,25955776664.737144,30934.216236696833,25837203184.992218,32994613003.335957,31225.402548776587
