,row,output,c_mean,c_var,status,cost,ls_dim_1,ls_dim_2,ls_dim_3,ls_dim_4,ls_dim_5,ls_dim_6,ls_dim_7,ls_dim_8
0,-1,f_1,16356.298025865062,832049820706.0524,Errorb'ABNORMAL_TERMINATION_IN_LNSRCH',45.52901707329969,3189849.6119312206,3610119.682386926,3149565.9166716216,7859604061427.023,4204687612902.713,541757880556.57275,764884299784.1914,981893777707.5392
1,-1,g_1,1.6987384312977611,11959.025259626327,Errorb'ABNORMAL_TERMINATION_IN_LNSRCH',-176.33763318136093,10457629802572.639,2555467038266.858,1540847204539.6587,98010.04013812309,254612752885.0895,226498.52124052745,1549100865690.1355,567928735391.4146
2,-1,g_2,0.3088681244741377,24525.40071818429,Converged,-146.99075648097212,40258625666164.68,2265221219592.3936,105443142711806.14,313800.0686546714,343237.79802058573,523669166188.25464,402004.6582028565,4830003494962.149
3,-1,g_3,-1.2829302267119551,155491.42994211282,Converged,-149.6714322097546,45694844760029.086,39187000162997.24,65262391268267.6,4517533331963.585,244393.98832080245,5634965070829.659,1425169860786.9646,167620.16227004182
4,-1,g_4,258747.7118548261,4311231547115195.0,Converged,308.7486986083389,113227.044741091,10749631273.46264,35024264963.16921,246536.0111281745,3709888897.9242935,8029.12091203785,6891636807.984324,1203522014.3553019
5,-1,g_5,-92231.12511707291,4311231547115195.0,Converged,338.7516998087178,515455762.19941425,49542.94698403244,268770576.37611395,13172.086217835425,160155.1779928394,7300041.539038813,13209.208941530766,195861701.1510259
6,-1,g_6,-632304.6813365532,4311231547115195.0,Converged,336.9985521365967,59211586.32535331,355528639.46020764,40618.21749462832,15224204.921031637,18432.738407311797,10297316.563509319,9177560.530186964,16740.529619299523
