,row,output,c_mean,c_var,status,cost,ls_dim_1,ls_dim_2,ls_dim_3,ls_dim_4,ls_dim_5,ls_dim_6,ls_dim_7,ls_dim_8
0,-1,f_1,15915.41616866257,165472305493.38477,Errorb'ABNORMAL_TERMINATION_IN_LNSRCH',36.48654801272395,3045445.6680675177,1248294.2948075028,3333066.511926788,750402468398.0347,1953799626155.039,375860411790.105,1423077624467.0974,664031054359.2891
1,-1,g_1,1.6020950298065983,1523.4589580062861,Errorb'ABNORMAL_TERMINATION_IN_LNSRCH',-347.16114259889014,9574076481010.742,5002709198202.592,4536439657998.267,112772.91697100716,1007216236311.082,107075.42128679108,959370248877.155,535976703550.0268
2,-1,g_2,0.17267299949995338,15067.694989849619,Errorb'ABNORMAL_TERMINATION_IN_LNSRCH',-308.88494505396284,403636789291.0868,324817456977.641,255051836359.99014,338335.8484985751,244087.32048686413,47284800854.91322,249652.67871866917,26243957849.524258
3,-1,g_3,-0.2656206083863915,25014.25191443546,Converged,-277.9212378801187,458163648464.43475,384321287104.3282,398696155965.81024,22371128555.44753,147625.55446012958,33439493464.344624,70978227415.44862,69952.54838077106
4,-1,g_4,-1204000.4650802673,4311231547115195.0,Converged,464.1087424082862,153905.70221629218,475203856563.9282,1458337551182.0784,265052.9698499451,494082143245.88184,10392.154509975875,55687499932.5899,192519325965.1456
5,-1,g_5,-761929.4477027444,4311231547115195.0,Converged,522.9824347374065,7164995678.525837,77307.97638804629,8069536243.446039,13310.205738533437,159604.56637140465,961448335.4156504,11131.316249488735,267367508.21730915
6,-1,g_6,670887.1312359843,4311231547115195.0,Converged,509.330913162603,502183730.9539304,245659885.83190522,52756.55449313747,6279228.364668438,15670.508759285369,32776945.986266483,66060566.1646703,14447.480680033901
