,row,output,c_mean,c_var,status,cost,ls_dim_1,ls_dim_2,ls_dim_3,ls_dim_4,ls_dim_5,ls_dim_6,ls_dim_7,ls_dim_8
0,-1,g_4,-66020012.41990042,4311231547115195.0,Converged,2819.508155528693,4191.222357393504,128644.22184205231,152759.81688079814,1669.4685717995565,8919.870172726065,281.04377745840435,9730.520200770614,29218.685628801166
1,-1,g_5,-738938.7590806021,4311231547115195.0,Converged,2944.664242911189,72433.20514678909,5989.093065226665,74383.03713594965,394.405158200936,1106.8817003112665,6314.297977405384,333.0129885628869,5237.589592305723
2,-1,g_6,1947070.7542366518,4311231547115195.0,Converged,2882.4384190559117,42089.61558009125,499423.3221245095,5697.791731587632,66502.74731976874,415.1243946608733,80960.15714563295,12588.709512811267,291.05398389939717
