,row,output,c_mean,c_var,status,cost,ls_dim_1,ls_dim_2,ls_dim_3,ls_dim_4,ls_dim_5,ls_dim_6,ls_dim_7,ls_dim_8
0,-1,g_4,258747.711854816,4311231547115195.0,Converged,308.7486988774317,113227.04537211596,10749632190.687136,35024268420.32263,246536.01875685996,3709889250.0296016,8029.121239931093,6891637510.519111,1203522123.335627
1,-1,g_5,-92231.12511710537,4311231547115195.0,Converged,337.5409653925083,515821560.2029027,49603.37243518239,269217983.66205364,11539.81315864069,111568.3934268173,7577185.961998791,12170.717965646016,195867010.32792598
2,-1,g_6,-632304.6813365293,4311231547115195.0,Converged,336.9985521455939,59211586.35469857,355528639.64370704,40618.21749956838,15224204.9283352,18432.738408097597,10297316.568251628,9177560.534423396,16740.529622050566
