,row,output,c_mean,c_var,status,cost,ls_dim_1,ls_dim_2,ls_dim_3,ls_dim_4,ls_dim_5,ls_dim_6,ls_dim_7,ls_dim_8
0,-1,g_4,-79847099.35888053,4311231547115195.0,Converged,745.5419895124867,4797.779579053464,412589.574603314,405141.8137303462,1278.5121271698767,57858.96659203788,287.23210532867154,40391.14748291437,9629.12363162043
1,-1,g_5,-5537266.0608765995,4311231547115195.0,Errorb'ABNORMAL_TERMINATION_IN_LNSRCH',755.4645459160711,539615.4839576753,8408.706534131248,340242.2197843758,565.955599092989,1644.1484086225573,17904.002340173796,309.7270803417506,36011.37402400747
2,-1,g_6,15462758.783804659,4311231547115195.0,Errorb'ABNORMAL_TERMINATION_IN_LNSRCH',753.8383182282442,297830.0948590029,338963.9652385324,3935.7834790310926,8541.238980435675,728.9093043650021,43168.72741323929,27248.593494636003,383.035799608943
