,row,output,c_mean,c_var,status,cost,ls_dim_1,ls_dim_2,ls_dim_3,ls_dim_4,ls_dim_5,ls_dim_6,ls_dim_7,ls_dim_8
0,-1,g_4,-71979613.61917837,4311231547115195.0,Errorb'ABNORMAL_TERMINATION_IN_LNSRCH',460.90054230592347,5388.250584987166,229478.45117652052,278490.7842999664,1113.8113466764003,13895.225871843026,316.9393149121896,1240.5999701206447,18382.98623970914
1,-1,g_5,6156756.872436637,4311231547115195.0,Errorb'ABNORMAL_TERMINATION_IN_LNSRCH',463.1824926925181,42386.75350916175,7730.730851683062,86510.22305146285,407.60597864663856,1604.1975304090972,3337.3909039327673,348.94128514984664,10587.07302848231
2,-1,g_6,10985570.244835204,4311231547115195.0,Errorb'ABNORMAL_TERMINATION_IN_LNSRCH',463.6898819297422,158874.99722858617,107281.60302650869,4682.985559965195,7396.471365477956,689.6168513703876,15656.746976550443,5275.461997305521,415.827996488878
