,row,output,c_mean,c_var,status,cost,ls_dim_1,ls_dim_2,ls_dim_3,ls_dim_4,ls_dim_5,ls_dim_6,ls_dim_7,ls_dim_8
0,-1,g_4,-6.997441459283949,277.05830362162783,Converged,239.08806441230854,3994.6977255034344,2826106514.0391293,3792535127.2198896,834.4012327290533,23319261226.622932,261.9370166706662,1889543092.555001,78757074533.51007
1,-1,g_5,1.4607187200759892,197.8519732306168,Converged,274.35873579043664,19474.290033660636,7616.602566275864,54682.132890637884,347.63329758043847,829.6355312778151,2492.02300030352,239.49299391601195,1245972.6736153958
2,-1,g_6,-1.0492282003563642,125.4327960413169,Converged,233.44051535463717,15732866903.525236,200572934816.6626,6056.943426828919,23577818743.722008,382.5396363127482,22555032558.781284,3196927539.6881094,193.1282025174393
