,row,output,c_mean,c_var,status,cost,ls_dim_1,ls_dim_2,ls_dim_3,ls_dim_4,ls_dim_5,ls_dim_6,ls_dim_7,ls_dim_8
0,-1,g_4,-6.564713237578302,116.15338659653581,Converged,492.6168189113584,2076.7927590371905,19502.72749063241,8791.394977186272,1008.7457904123261,2817.9811293867856,192.92504388856952,2777.977335387041,1517015.7059149179
1,-1,g_5,0.2244476700316589,184.94767996068498,Converged,521.8842361041932,1387499425.0468311,6039.988296216035,22543.913593784247,226.67887570179036,872.9998262109522,5660007500.291791,217.49527812199423,364765321.97888696
2,-1,g_6,0.6913625842185437,115.07850570937093,Converged,495.5297447995203,15964.589729796046,28982741.64328576,4077.2703563052014,3103.2070499863007,314.27553624573954,7447.173602818311,1481.6923011493147,173.7895785670456
