,row,output,c_mean,c_var,status,cost,ls_dim_1,ls_dim_2,ls_dim_3,ls_dim_4,ls_dim_5,ls_dim_6,ls_dim_7,ls_dim_8
0,-1,g_4,-74484368.26763357,4311231547115195.0,Converged,1433.2703870695775,5280.340212483993,685652.2295242314,418653.8140725913,1331.3936269673893,107063.00452032694,358.54154264983634,21766.340700132376,35107.59417290888
1,-1,g_5,8825213.518909244,4311231547115195.0,Converged,1512.3462240017998,23303.338458545604,7294.013919407052,17851.909843361653,505.5416311884737,1397.2954090982348,2723.2445519807757,372.68328749104626,2876.1422946196853
2,-1,g_6,-3607942.0095009943,4311231547115195.0,Converged,1469.413619002555,71282.80819883863,206400.86997422396,6420.926360849838,24506.61314374275,494.92396315413083,31983.643613284872,16597.988916543232,300.47656089009195
