,row,output,c_mean,c_var,status,cost,ls_dim_1,ls_dim_2,ls_dim_3,ls_dim_4,ls_dim_5,ls_dim_6,ls_dim_7,ls_dim_8
0,-1,g_4,-7.400576014766404,123.82555844605872,Converged,133.82506034906174,13653964.934121618,60744204.39790761,367607314.5204188,1666709.6480710118,36300466.163371585,89.4626169655228,298.56827567895095,1822045.5109643769
1,-1,g_5,-2.6332684272319584,160.31958606262938,Converged,126.16762899321049,649295695694.2712,8279.418660382866,1391001957385.4368,609.0408658679747,1274451990668.289,2845500.003842523,181.3113344061076,60300143.36874097
2,-1,g_6,2.3324607618541497,188.0805572343539,Converged,130.7045414648185,47627.100025066065,76046086600.7809,4382.662249047808,9734667287.912964,949.4418857151442,10097880670.551363,901141620.7024308,197.74311273989204
