,row,output,c_mean,c_var,status,cost,ls_dim_1,ls_dim_2,ls_dim_3,ls_dim_4
0,-1,f_1,113.8033167884371,53327.00268856074,Converged,55.14166457309739,9.25207209498948,14.22528367195014,142.25723707432243,98.96683419847051
1,-1,f_2,0.6727810509016434,1.0484341385981097,Converged,0.04452429050765616,19515745.922454048,885624.3082572289,4.725897984265657,8.387528522183478
2,-1,g_1,13590.296896675645,182.4943535596027,Converged,43.788438769440475,6.209507401941596,5500.866163845441,6.271497831339913,0.9515698036547
3,-1,g_2,29750.417851737264,88699.25133559313,Converged,69.45231599556035,4311231547115195.0,4311231547115195.0,5.255790648732938,5.634059856768992
4,-1,g_3,0.48148326421031035,171658.57902366837,Converged,-56.99574214853118,2040.5044745321352,2195505728.4662185,9080717034.693693,1569.75923614212
5,-1,g_4,15939353.044058573,1035608706170250.8,Converged,196.87268668585045,10919441.098301116,478724.52913473285,23.955241947346916,5.010584352748919
