,row,output,c_mean,c_var,status,cost,ls_dim_1,ls_dim_2,ls_dim_3,ls_dim_4
0,-1,f_1,295.46192219931936,124252724.0779098,Errorb'ABNORMAL_TERMINATION_IN_LNSRCH',138.70635619568407,61.82069671549478,207.5857877825438,473.2624806632385,253.27095642785454
1,-1,f_2,49.70193079555228,5742.63362711588,Converged,281.6913010739289,3.8496809207543325,5.599761633545241,9.79767408037958,4311231547115195.0
2,-1,g_1,13581.360237136001,441.9044792683237,Converged,286.4708344952927,1.4987813246802182,3.9659195263742464,30.92429213524196,1.8115882693897871
3,-1,g_2,29357.82597619987,26699542.461491097,Converged,571.1856408138518,13.20578436365497,586858.1289889027,1.6943384790272273,113.06490861406334
4,-1,g_3,0.08033582761395855,1772.1520684009513,Errorb'ABNORMAL_TERMINATION_IN_LNSRCH',-713.4792160050272,358.0638145030345,223559.92849831257,140186.12751640525,363.23471787663516
5,-1,g_4,17880424.24528352,4311231547115195.0,Converged,1038.2892559094964,244431.1508472225,411476.8768221754,37.78186163124253,9.404309541099058
