,row,output,c_mean,c_var,status,cost,ls_dim_1,ls_dim_2,ls_dim_3,ls_dim_4
0,-1,f_1,378.0341358531738,2518858.9764818484,Converged,122.72895475399022,23.302159200497123,81.34187920346372,198.3454408162415,78.13827825755418
1,-1,f_2,151.86161372507138,1871995.914885031,Converged,190.6191520742801,7.889635862474265,3135543.6565195303,10.350475906958271,13367346652.909351
2,-1,g_1,13582.656195734753,491.42065444407405,Converged,152.61406064843487,2.6741909840943294,6.999537888113405,7250.391932253306,0.9770539046923087
3,-1,g_2,25788.101617325752,64883970.342735045,Converged,340.14043075821087,10.731975144912981,11.657398398972024,4.143809039758607,84694.60138791555
4,-1,g_3,-0.06164682087961981,4065.1135604837114,Errorb'ABNORMAL_TERMINATION_IN_LNSRCH',-303.9217229997631,628.9978191624873,6895770.51876427,5909954.491229992,441.69575061452633
5,-1,g_4,17829047.676071376,4311231547115195.0,Converged,572.7041735561306,200230.67279917173,440258.30976152566,35.633742283657625,9.13211462852767
