,row,output,c_mean,c_var,status,cost,ls_dim_1,ls_dim_2,ls_dim_3,ls_dim_4
0,-1,f_1,85.63743938546445,19432.028493974984,Converged,82.08921159617468,5.31607129477398,15.656057023077844,89.58492406041198,47.4439825031668
1,-1,f_2,1.5346096052240004,40.48214046486197,Converged,65.38746409376847,0.11645703524109467,0.28511827723785094,0.29919080668111314,0.08509069093701319
2,-1,g_1,13563.668241864305,3245.7114643321775,Converged,84.28414870855964,4.967945214728326,3.1868380116087898,119.8008656890361,1514547.9334311865
3,-1,g_2,29871.25045554337,2214512.775259878,Converged,134.46942681514807,583672.7222346859,35835.38454737924,2.155745777837209,31217995512045.438
4,-1,g_3,-0.2954546113528023,64824.866106836555,Errorb'ABNORMAL_TERMINATION_IN_LNSRCH',-127.7910154036426,812.7702640338732,1382721286894.4229,2373921319650.3594,1538.3619614266
5,-1,g_4,27430023.032350954,4311231547115195.0,Converged,314.79082572487994,119733.6660674147,192853.11161161616,33.30668629027112,7.360194912957129
