,row,output,mse,is_alpha_credible,log_lik,c_mean,c_var,post_mean,cost,status,post_var,y_test,ls_dim_1,ls_dim_2
0,0,f_1,26036.27835026847,0.0,-34.171591070842595,82.26027318627214,4454.379035711899,167.85869699111885,25.89651451478929,Converged,430.78102842288126,6.5010868505727215,4.646501132285536,4311231547115195.0
1,1,f_1,8407.650976423396,0.0,-16.381492034614016,63.01701988499684,4248.6035245676285,106.47948571573485,26.268079688683592,Converged,334.8122809849524,14.786241818360413,24.278138872334658,5.360953792418191
2,2,f_1,16335.256358887422,0.0,-59.041467298551794,20.769671488227672,146.82609886002768,20.769671488227676,19.567814879844764,Converged,146.82609886002768,148.57912481186654,0.3611719556296115,0.32960175745716336
3,3,f_1,377.4521068442862,1.0,-4.890324374723193,48.7929453465664,2913.9876620216323,49.06225206320229,26.874380282684896,Converged,2406.488802676059,29.634125369043474,3.283342615869485,3.802262040339639
4,4,f_1,109.55288830540292,1.0,-4.806851345833053,44.54245001258695,2944.286260632915,29.250374095563576,26.969485606364238,Converged,2270.069957451553,39.71712565970242,2.8306153075137237,4.031132772227239
5,5,f_1,1037.4992747278968,1.0,-5.055205208497324,49.53980875116523,2695.4223751041077,45.42001351546636,26.796128818515687,Converged,2644.3809510302494,13.209777957061998,2.3934185672496615,2.4487603925301658
