,row,output,c_mean,c_var,status,cost,ls_dim_1,ls_dim_2,ls_dim_3,ls_dim_4,ls_dim_5,ls_dim_6,ls_dim_7,ls_dim_8
0,-1,f_1,226.3615510188653,150382.31810145645,Converged,111.32226212204766,0.33302557825276136,145997206395.3801,112762809294.48547,1029.7096387327597,20438.24706579282,1417.667672504245,4343.366847761001,45029.42032996908
