,row,output,c_mean,c_var,status,cost,ls_dim_1,ls_dim_2,ls_dim_3,ls_dim_4,ls_dim_5,ls_dim_6,ls_dim_7,ls_dim_8
0,-1,f_1,138.69474198045899,59913.72484263396,Converged,84.49942425971383,0.24115283071843635,3592657784.06262,2592687076.1093225,926.3495629910548,3978877.3393435962,838.5734745573216,4172.610390690107,35299.8101529743
