,row,output,c_mean,c_var,status,cost,ls_dim_1,ls_dim_2,ls_dim_3,ls_dim_4,ls_dim_5,ls_dim_6,ls_dim_7,ls_dim_8
0,-1,f_1,1622.6714206817614,25147527.689714067,Errorb'ABNORMAL_TERMINATION_IN_LNSRCH',125.6535899291722,1.1613680190574458,602649759671.6578,307081076442.20667,4794.736188743598,111547.49908745047,5162.724201305649,11180.05138848251,135992.51932037572
