,row,output,c_mean,c_var,status,cost,ls_dim_1,ls_dim_2,ls_dim_3,ls_dim_4,ls_dim_5,ls_dim_6,ls_dim_7,ls_dim_8
0,-1,f_1,650.8878056017545,3491165.952949722,Converged,136.46612668720542,0.7650334071350604,298827140075.2058,494027138896.3732,3222.1241169822165,47905.528035676034,3154.6713100135366,8392.488976033263,76426.46872337168
