,row,output,c_mean,c_var,status,cost,ls_dim_1,ls_dim_2
0,-1,f_1,472.27183521397603,72611.97524541098,Converged,133.48034461261508,11.416097212755792,36.917002262239976
