,row,output,c_mean,c_var,status,cost,ls_dim_1,ls_dim_2
0,-1,f_1,108.77855917575774,9316.908583141192,Converged,87.22271042577657,6.615510590550759,13.452408384055587
