,row,output,c_mean,c_var,status,cost,ls_dim_1,ls_dim_2
0,-1,f_1,79.44717983522831,3306.5886075495255,Converged,52.37178069816166,4.723182267937935,3.5773613474927455
