,row,output,c_mean,c_var,status,cost,ls_dim_1,ls_dim_2
0,-1,f_1,48.071933720211014,2515.392916736331,Converged,31.71195946386455,3.4555628018084157,4.648312597025006
