,row,output,c_mean,c_var,status,cost,ls_dim_1,ls_dim_2,ls_dim_3,ls_dim_4,ls_dim_5,ls_dim_6,ls_dim_7,ls_dim_8
0,-1,f_1,16307.822666352271,78607151.85991909,Converged,293.6410739863552,86267.4921108784,87207.46602874997,86198.17878157661,5011070042.931388,4891149277.290602,5002661635.098093,5111943630.277233,4911387925.42959
1,-1,g_1,17.1417555122682,932.9462212565859,Errorb'ABNORMAL_TERMINATION_IN_LNSRCH',-696.4857996503008,50935840.07831898,46538506.99279046,46975865.583001,134550.3136762997,5211255.590331593,162808.42806067056,4954238.381813178,4957222.8710771585
2,-1,g_2,-26.67676799007495,2538.1194102681725,Errorb'ABNORMAL_TERMINATION_IN_LNSRCH',-622.96851765907,77718618.62923388,70822644.14858213,71017683.33595486,229683.36134563197,218381.0036017513,7656371.065834078,222732.57358891852,7746434.756889583
3,-1,g_3,-58.45812342362491,5924.761582553061,Errorb'ABNORMAL_TERMINATION_IN_LNSRCH',-592.2355039091321,116052260.11007534,104470518.75128351,107152267.06845835,11731603.36648,84916.091405973,11678788.708354702,11506704.069666693,104142.51127827041
4,-1,g_4,-2107857.1740092244,224973035940774.28,Converged,820.9916532051429,56883.71015163492,19181031898.021805,18663281180.727875,93240.93794510662,2064477113.6527145,5661.898278561423,2019959170.0697713,2040014068.8053808
5,-1,g_5,352920.1739638571,358682148717979.9,Converged,951.5315568641915,11145659510.344421,30891.93439721355,9791498767.858887,8975.937639336398,65122.38087706537,1073582999.9010558,9218.58674633297,1087921432.781344
6,-1,g_6,1129565.2199910025,369243992997538.44,Converged,926.0261065732568,6086989289.633037,5481347306.682583,29915.080440366077,595548863.0172081,9984.152891100493,605028418.3618942,584254151.571665,9698.435068603363
