,row,output,c_mean,c_var,status,cost,ls_dim_1,ls_dim_2,ls_dim_3,ls_dim_4,ls_dim_5,ls_dim_6,ls_dim_7,ls_dim_8
0,-1,f_1,16479.822011301923,208321264.8883152,Converged,150.45352048529585,70456.78445661876,73386.39637510663,72799.4416201192,536221309.49069667,530421253.8300122,539603176.0221962,520698658.8193712,548425227.4914199
1,-1,g_1,18.78653197744358,11560.729366819494,Converged,-137.60172394980611,333293496.05074567,268146385.53432873,249433484.78862807,274655.8684573556,27944954.80317716,230746.65946275505,30945968.41870259,30936812.33732307
2,-1,g_2,83.36505305647822,44407.199952372976,Converged,-121.62703414414088,1352321608.311463,1160175988.036499,1213342890.9163573,381165.67764543835,456474.07740717824,133085907.89696276,532357.4433985879,143523228.6005949
3,-1,g_3,-133.81092933924768,14034.549562904718,Converged,-83.20191962628974,259116138.7020735,233162405.91204172,238150044.43372235,25439494.289890505,80698.54104312039,26438869.59323879,24272577.696573365,100614.86962827032
4,-1,g_4,258745.26713463722,14798865759542.479,Converged,329.4110990986667,16461.297018921166,2104874088.5407531,2010611461.895532,12299.318782298731,231446659.43764445,1632.7227162546521,230978583.35327414,209897283.1208069
5,-1,g_5,-92231.12206095103,15313319000169.117,Converged,348.94133535619216,228294606.97851852,12261.763610335876,183208100.05707443,1589.253279321672,6301.653893789291,21169577.754713032,1723.5554037963682,23230064.141858533
6,-1,g_6,-632304.6102164079,21420507594446.26,Converged,350.67139251135853,847018759.6075511,1019542092.2128074,11560.00772331045,109115318.84318785,2114.781089743888,106808906.22206266,89853274.44592501,1822.135923302959
