,row,output,c_mean,c_var,status,cost,ls_dim_1,ls_dim_2,ls_dim_3,ls_dim_4,ls_dim_5,ls_dim_6,ls_dim_7,ls_dim_8
0,-1,f_1,15935.14295934383,132903595.96590236,Converged,201.05587948850416,79584.13104165974,76805.23182115903,76608.71781579578,258689185.64714402,263897589.234882,241395605.4580635,271318426.28325963,253529041.96490803
1,-1,g_1,35.693492770809264,2952.713662855452,Converged,-271.866874420914,71556890.90899333,60269792.88054159,60523953.86650829,178711.70747202807,7109404.804930983,158728.28684010502,7206593.614037,6688116.783628791
2,-1,g_2,-96.66189462062724,14106.788874939797,Errorb'ABNORMAL_TERMINATION_IN_LNSRCH',-280.2878575573152,1130906636.5993237,957625406.2573406,971704019.6331255,257225.01788293815,331089.35572974593,104398067.10822108,273585.9090596354,108723550.20221387
3,-1,g_3,5.907909267850084,33126.406038551584,Converged,-250.68906489389434,651918489.3514436,548146620.0966204,578726897.4050114,62589268.36104033,152652.99001771977,62252842.74842623,62556227.109558366,157771.52742561584
4,-1,g_4,-1204000.3153139802,10632385042967.832,Converged,505.1070529183141,18418.385195081384,2319641659.839024,2339219653.8096957,13534.898357411814,274634505.9139279,1782.879351520988,266892715.47073925,260451441.49052805
5,-1,g_5,-761929.4896187492,14867462115462.137,Converged,557.7577786124108,298322755.220593,12809.36714573042,288716375.03150445,2110.0783650521093,8655.309215500845,29210050.154933535,1991.7144159291493,28171385.425766394
6,-1,g_6,670887.1121330365,15769804004549.297,Converged,547.0428846596926,890816900.7117184,870485241.0740547,12944.043572694914,89702352.13477682,2184.427040483621,87016801.8643344,94454636.0114525,2135.9951201835834
