,row,output,c_mean,c_var,status,cost,ls_dim_1,ls_dim_2,ls_dim_3,ls_dim_4,ls_dim_5,ls_dim_6,ls_dim_7,ls_dim_8
0,-1,f_1,15661.264389561456,43390225.12986327,Errorb'ABNORMAL_TERMINATION_IN_LNSRCH',366.3093714989865,93368.2079127769,91324.07558388126,92808.67678111092,4278639042.8665843,4364669025.694637,4427734228.040332,4405852148.134635,4422358430.372797
1,-1,g_1,-10.124372501843029,170.5424808400295,Converged,-1459.4281356013744,12948587.99768912,12007609.461816436,12108436.402910562,98510.32224195528,1297449.058435413,83779.36100192714,1337691.671106112,1296536.9279259918
2,-1,g_2,-25.384500716708548,600.5914645600545,Errorb'ABNORMAL_TERMINATION_IN_LNSRCH',-1335.9367295242603,14993175.083970938,13609084.125603912,13794176.711265154,175927.6183121748,147985.4581664574,1492668.6045426906,134754.64255853847,1511005.0166672291
3,-1,g_3,0.6975619590178982,1077.1651413159163,Converged,-1287.0870726356616,28828533.381268695,25855971.56680637,26444527.004594006,2878234.2987760394,59407.71896600637,2896035.3915698025,2912684.2895061625,59869.596064927646
4,-1,g_4,-2434132.753568645,126061075929665.1,Converged,1425.8063685856546,54870.81040802383,419408187.355763,413539594.81275123,104825.50676003976,45249418.92656383,6153.783782578135,45393524.55967148,45521489.378403105
5,-1,g_5,934453.1584066626,204896018405807.06,Converged,1700.1197225282635,20890215879.84724,28366.96719498481,19304743572.136997,10514.82228554902,70726.54000979663,2070117861.077711,10202.238660290519,2094949720.9985604
6,-1,g_6,1527858.7015787864,210874989352676.4,Converged,1632.5362536176358,36814578304.764915,33614924048.96268,27711.412938447123,3690892821.840985,11237.830695127377,3697118883.34755,3783787669.6850195,11167.486420234163
