,row,output,c_mean,c_var,status,cost,ls_dim_1,ls_dim_2,ls_dim_3,ls_dim_4,ls_dim_5,ls_dim_6,ls_dim_7,ls_dim_8
0,-1,g_4,13617039.350973979,3.602947588219679e+16,Converged,454.73216798233136,12757.839819080946,94111.94976654263,90279.57563330974,3367.9335604244657,2821.681285756832,884.2684071429143,5130.644477347856,2569480.732097153
1,-1,g_5,4662451.623778609,5.025328132497769e+16,Converged,455.38764083432295,125162.6879083665,14189.704747531952,298934.2102799533,933.1237298476424,6758.397147296193,62681.01793853415,914.5053403935926,61021.391423274814
2,-1,g_6,-179872.03614608743,4.4763575548060664e+16,Converged,455.5388761500127,73899591.05918549,74904353.90297982,8320.680190161867,4687895.959423976,1486.6793760808748,7528000.800114401,6450654.407711203,805.8932337834075
