,row,output,c_mean,c_var,status,cost,ls_dim_1,ls_dim_2,ls_dim_3,ls_dim_4,ls_dim_5,ls_dim_6,ls_dim_7,ls_dim_8
0,-1,g_4,-5.933960884987315,113.99272958498415,Converged,134.07992244775787,5536.744596066989,21706829.25464259,36922836.77666586,2265529.89424574,3139323.464238055,115.00752003304287,399.7966902861143,1444834.4011868373
1,-1,g_5,-2.630096853722314,160.325563518745,Converged,126.16762875746929,119250727.71246162,8279.35019000033,122499714.12431313,609.0451721955054,13709753.573599244,3752681.6241007815,181.31533127792844,8850049.588860432
2,-1,g_6,1.3173518701453273,170.48432606174933,Converged,130.98781985075843,181827855.25583076,66639306.95439233,5104.993407227592,12822824.227640826,875.3449408365642,19627089.050832618,14431167.145440914,152.42802093421807
