,row,output,c_mean,c_var,status,cost,ls_dim_1,ls_dim_2,ls_dim_3,ls_dim_4,ls_dim_5,ls_dim_6,ls_dim_7,ls_dim_8
0,-1,g_4,-6.565436449950085,116.18130930558684,Converged,492.6168287791058,2076.5439496238628,19512.158780977003,8792.129907683864,1008.8852162108499,2813.875989356317,192.96782660801824,2779.3800482548695,1791477.4146095878
1,-1,g_5,0.22493988729308875,184.94022578804584,Converged,521.8842647644692,17716537.327979844,6040.208147995064,22553.498977646166,226.65810169895477,873.016653212369,2117332.592250532,217.4894746150507,1402330.4093164436
2,-1,g_6,0.6799289384970715,131.6272981629236,Converged,493.91583926017074,36881.0078360571,10482400.821645632,4184.831664846641,348947.7650542661,180.3947065550347,999739.148996031,4244.196712177237,185.66794555668548
