,row,output,c_mean,c_var,status,cost,ls_dim_1,ls_dim_2,ls_dim_3,ls_dim_4,ls_dim_5,ls_dim_6,ls_dim_7,ls_dim_8
0,-1,g_4,-22402900.05428071,2.7876267718615548e+16,Converged,737.6819554842754,9717.977937755702,759765.7966407789,780784.2218344305,2653.8138349367127,63250.47710695278,498.1655629347252,76928.82427322412,12439.12916997247
1,-1,g_5,50009118.39032029,5.314247419493425e+16,Converged,748.4665832037898,440500.6310101722,20591.814486140112,543755.829321361,1221.5885565160272,7113.842354128039,81447.42736735287,528.6462203159949,83667.93765346029
2,-1,g_6,-64504570.28140424,5.383626629981847e+16,Converged,745.3272752120752,137151983.31336403,96001422.11675768,7592.453473949691,8533594.662647491,1454.4601027326457,13748665.19713897,13381209.863880664,804.239326441842
