,row,output,c_mean,c_var,status,cost,ls_dim_1,ls_dim_2,ls_dim_3,ls_dim_4,ls_dim_5,ls_dim_6,ls_dim_7,ls_dim_8
0,-1,g_4,90757212.90705968,4.409386173421896e+16,Converged,2817.58326489036,7536.131362439964,641036.2189265201,673238.7111460493,3579.8832849538567,14575.772773151097,448.0242707586496,12592.824321418484,114484.19139093348
1,-1,g_5,66206590.464166656,8.435809901319778e+16,Converged,2932.0206479687686,538045.8814330443,15896.983173633655,475072.78078455466,679.9448664764424,2596.1392876232676,55648.881624010406,619.3964905033675,47664.606299464336
2,-1,g_6,-32964771.007360887,8.469571273756995e+16,Converged,2883.452775251113,587810.7674569663,3154257.0998113356,14321.25433564525,275808.1021423261,709.7351765484535,425300.2971383112,33686.30396816801,490.2583462980224
