,row,output,c_mean,c_var,status,cost,ls_dim_1,ls_dim_2,ls_dim_3,ls_dim_4,ls_dim_5,ls_dim_6,ls_dim_7,ls_dim_8
0,-1,g_4,258745.2671907449,14798865759542.463,Converged,329.4110990988705,16461.297047381286,2104825794.9780192,2010565330.954416,12299.319069789231,231441349.19409308,1632.722720551054,230973283.84310573,209892467.3063126
1,-1,g_5,-92231.12206095784,15313319000169.1,Converged,348.9413353561359,228295635.59541684,12261.763627637332,183208925.53987777,1589.2532817887925,6301.6538998387605,21169673.13712263,1723.555404238142,23230168.80929078
2,-1,g_6,-632304.6102165993,21420507594446.277,Converged,350.6713925113628,847017343.8271126,1019540388.0618511,11560.007719304524,109115136.45851007,2114.7810902532397,106808727.69260725,89853124.25774483,1822.1359237113954
