,row,output,c_mean,c_var,status,cost,ls_dim_1,ls_dim_2,ls_dim_3,ls_dim_4,ls_dim_5,ls_dim_6,ls_dim_7,ls_dim_8
0,-1,g_4,20604765.26069952,3.358197291488403e+16,Converged,1418.5347946081097,7880.748471146763,642125470.127429,537910804.5822368,2009.7909230275031,60355530.44157455,691.2857999020252,46721247.60247851,41211926.57576649
1,-1,g_5,37525582.64437376,6.668819240447698e+16,Converged,1493.48954902999,941233.2820150568,16186.508133677458,630465.2629833895,683.7108722620021,3126.3909874578085,14702.299634259653,647.0492212531898,103453.69804601617
2,-1,g_6,-2203277.6805067468,6.542493080200307e+16,Converged,1465.9223397457304,172741.16437229342,1410964.0844883034,17065.296825938174,135367.9115772145,854.6765170636386,166803.2041660171,98339.11116934234,550.054205750745
