,row,output,c_mean,c_var,status,cost,ls_dim_1,ls_dim_2,ls_dim_3,ls_dim_4,ls_dim_5,ls_dim_6,ls_dim_7,ls_dim_8
0,-1,g_4,-6.996482012831979,277.01145461488926,Converged,239.08806733533672,3994.3666082246014,174898739.88008717,159850450.44418272,834.2980696316192,20811175.670518182,261.9142637162212,14735151.174820727,17078294.92018955
1,-1,g_5,1.5684706095591971,196.57684757855026,Converged,274.3802336870599,18450.406278610713,7610.250628707534,435981.3833637223,353.31932232839824,825.5735099991731,2494.3850414214157,230.40772236922214,106003.30807328824
2,-1,g_6,-1.0426338999560978,124.6680561694826,Converged,233.44683206526878,1263541.0239205253,1262771.2296975905,6045.096157678808,130692.47108559728,382.0462151526454,121881.44829262375,129067.06250601288,192.8806922040453
