,row,output,c_mean,c_var,status,cost,ls_dim_1,ls_dim_2,ls_dim_3,ls_dim_4
0,-1,f_1,78.96650879627217,9789.398796267471,Converged,56.279326832843935,4.769361538426231,6.844383759306149,49.32588935265299,89.00475701307512
1,-1,f_2,0.6727252380241158,1.0482729167646327,Converged,0.04452450849220835,99503.7926976575,201200.56318629163,4.725662603979062,8.38703089190769
2,-1,g_1,13590.297934443086,182.54791754152325,Converged,43.78854396474376,6.211408601946778,1185.6731080961965,6.272254364533924,0.9516391714136637
3,-1,g_2,29847.115469482113,23437.336780702306,Converged,70.29656450963583,2068.591252195661,5585.985957667842,3.0474744052463523,3.422994644595779
4,-1,g_3,-3.323522602663575,315395.4945646245,Errorb'ABNORMAL_TERMINATION_IN_LNSRCH',-49.853293402846944,2253.893005637769,3422896.858888231,3450367.961629676,2221.046242175525
5,-1,g_4,15939353.03424215,267865671672693.75,Converged,197.3492634782003,27762.483862943616,24652.981477285186,15.961295598333534,3.213665390141786
