,row,output,c_mean,c_var,status,cost,ls_dim_1,ls_dim_2,ls_dim_3,ls_dim_4
0,-1,f_1,156.77474808805644,196667.92309620915,Converged,153.9138174804247,15.094893975123153,48.947388968488994,102.78538198340526,54.281395002272156
1,-1,f_2,49.700450610474526,5741.06150330192,Converged,281.6913075375507,3.8496341644330627,5.599029567394697,9.797245365704208,151411.88978884413
2,-1,g_1,13581.362842335962,441.8556951591706,Converged,286.47083482123196,1.4985245996233896,3.9657971849080336,30.91650830624632,1.8117547627703399
3,-1,g_2,29459.909461037398,1280929.8421373346,Converged,579.0111117477534,5.773569481001919,28003.72997278245,0.6527519019401326,36.66527854391783
4,-1,g_3,17.899370695947894,2036.6909627136222,Converged,-697.2667461587225,479.8361848770323,22821.672138501155,22068.09118172314,498.27565461040945
5,-1,g_4,52998664.65485023,2.5818544981401268e+16,Converged,1025.7887681233146,13681868.562442727,26778563.002183978,58.057309758891286,14.257187359025162
