,row,output,c_mean,c_var,status,cost,ls_dim_1,ls_dim_2,ls_dim_3,ls_dim_4
0,-1,f_1,89.91979588812629,268465.6821344023,Converged,84.15844107545894,12.202362585103618,35.72666698251693,109.71875257809086,63.384851034891035
1,-1,f_2,1.5347660123053193,40.482781885111095,Converged,65.38746409069417,0.11929188263408003,0.28897125044064115,0.30321340818513415,0.08830097278954882
2,-1,g_1,13573.517424283262,1848.366978477235,Converged,84.62787614477652,3.9656857102007836,2.3666944750294308,20901.8200877705,37704.70138044095
3,-1,g_2,29497.73505938595,540588.1196865306,Converged,134.99049199930263,54382666.02218482,148903423.34398773,1.4172421151056247,69050301.45842189
4,-1,g_3,121.06191092375043,58593.71607892352,Converged,-114.37554285552409,1127.1275861491008,602737.9197618957,586458.6445069518,1591.1000270142565
5,-1,g_4,27430023.026450578,836464047760838.1,Converged,317.8326305112155,228896.24822404722,486197.222573235,20.196069488776292,4.73286659815089
