,row,output,c_mean,c_var,status,cost,ls_dim_1,ls_dim_2,ls_dim_3,ls_dim_4
0,-1,f_1,220.47903546464417,269055.5727737364,Converged,124.03962585989967,13.91564025478683,46.453801940678915,112.1131005140463,44.94714930946694
1,-1,f_2,167.9610675004752,100593.4699604216,Converged,201.7296070785659,3.897008537746492,12.77723372164893,11.788056858265989,46466.973140982045
2,-1,g_1,13582.65652654586,491.45151379840866,Converged,152.61418408321566,2.6742670880038664,6.9996249310880865,2495.9619122637196,0.9770788593710515
3,-1,g_2,24200.347547880436,108920470.48093934,Converged,340.2415925693699,12.657621357798622,13.277669820740618,4.803373436596122,18771511.85232635
4,-1,g_3,-45.58411362673132,8181.79831682123,Converged,-292.4588107660242,841.2971529881454,48044.03515798538,44655.97041026559,750.0201216168425
5,-1,g_4,77504865.35440913,3.011929183675294e+16,Converged,566.999345526848,1983975.7286321511,3835241.1340033384,55.14011037100821,13.223791820908733
