,row,output,c_mean,c_var,status,cost,ls_dim_1,ls_dim_2,ls_dim_3,ls_dim_4,ls_dim_5,ls_dim_6,ls_dim_7,ls_dim_8
0,-1,f_1,86.78215090977191,1661.081812210934,Converged,109.81797140284495,0.05469047461479185,40216.77086603873,42670.72474914298,185.5419809516055,1090.686650982771,154.5424280594697,1079.9483123942641,2681.713609045774
