,row,output,c_mean,c_var,status,cost,ls_dim_1,ls_dim_2,ls_dim_3,ls_dim_4,ls_dim_5,ls_dim_6,ls_dim_7,ls_dim_8
0,-1,f_1,107.54096274835956,2353.660437455678,Converged,163.8739924630808,0.07944546164934664,42192.991439050966,44629.85708195651,344.450577219478,636.6565775506571,317.31931210196024,1377.4834708818928,14615.942694029616
