,row,output,c_mean,c_var,status,cost,ls_dim_1,ls_dim_2,ls_dim_3,ls_dim_4,ls_dim_5,ls_dim_6,ls_dim_7,ls_dim_8
0,-1,f_1,106.09412652653839,1845.0506338275322,Converged,571.0487329840918,0.0792174790872507,40764.46293573978,42863.22137803179,296.3330037426227,1343.3848236089148,232.1536277139478,938.5026255478626,1970.2331584476196
