,row,output,c_mean,c_var,status,cost,ls_dim_1,ls_dim_2,ls_dim_3,ls_dim_4,ls_dim_5,ls_dim_6,ls_dim_7,ls_dim_8
0,-1,f_1,84.4252010349173,1042.7843194021002,Converged,292.40766893554184,0.07186669221566593,41236.08937380262,43245.79987080034,247.55775096432632,6188.0676513890185,195.96077698365238,1535.208697197369,5885.19213272861
