,row,output,c_mean,c_var,status,cost,ls_dim_1,ls_dim_2
0,-1,f_1,108.7707692700882,9315.280375772547,Converged,87.22271042196412,6.6152607255781435,13.451435140242667
