,row,output,c_mean,c_var,status,cost,ls_dim_1,ls_dim_2
0,-1,f_1,29189.58115830762,709842373.1737316,Converged,118.39347337937414,82.111053220273,448.9804163489163
