,row,output,c_mean,c_var,status,cost,ls_dim_1,ls_dim_2
0,-1,f_1,48.44600788116232,2629.1359481347413,Converged,31.70981481446573,3.5574962791403375,4.7949780210634785
