,row,output,c_mean,c_var,status,cost,ls_dim_1,ls_dim_2
0,-1,f_1,75.74394651384165,2632.1307554664418,Converged,52.40284417312105,4.090843673351894,3.1248982297374663
