,row,output,c_mean,c_var,status,cost,ls_dim_1,ls_dim_2,ls_dim_3,ls_dim_4,ls_dim_5,ls_dim_6,ls_dim_7,ls_dim_8
0,-1,f_1,-546397.9064889811,85859598577.20364,Converged,41.1827708918981,2539447.3153290492,1948217.7568364565,2660816.200299707,4336964444861.234,5569237964873.897,5475845414232.414,5061857415907.334,5214147874650.987
1,-1,g_1,1.4608257585415907,5.608760133085746,Converged,-80.11924945695787,83689.025887226,74624.44538432051,80807.8857807028,5827.18408296177,509346.3646644559,5996.015506664983,513201.426081578,471038.4323963276
2,-1,g_2,120.15846984056358,10079.371782033717,Converged,-116.96754410710827,1322254.292252777,1218743.6914574446,1558640.762476689,116921.86857842498,119593.25800774328,11086800.540515006,481083.21241141966,11323081.60460628
3,-1,g_3,-2.6273833787367726,110.9091632052967,Converged,11.22494628539225,37061.21826603483,37142.52674198081,43411.77077190209,176335.48343734758,5750.091616544915,140794.47052036223,129544.3083348765,5887.97464725701
4,-1,g_4,-1599519.5092828497,3040965659977.511,Converged,525.0079569983667,11803.140117513387,22390127.70016267,23794692.411462657,6761.769987712933,18354176.01244665,1112.3351256272163,17370932.388036687,18570599.226882357
5,-1,g_5,-374360.39825562795,6417845896579.272,Converged,596.6620053840553,20181.955380089235,8224.592917994672,21055.85251295252,1130.7548419617594,9455.768402746307,20239.124980350858,1043.81974347554,18197.43793192117
6,-1,g_6,239582.0195146329,4573954709623.244,Converged,563.3756961931967,12206972.09791373,13907424.759429183,9140.771855190551,17326273.373207476,1254.1984398690224,19696364.854374114,18459371.803424854,1223.0947445031316
