,row,output,c_mean,c_var,status,cost,ls_dim_1,ls_dim_2,ls_dim_3,ls_dim_4,ls_dim_5,ls_dim_6,ls_dim_7,ls_dim_8
0,-1,f_1,-130794.17957966425,1540132504.1220827,Converged,-57.198062842362276,609531.6288723341,641577.6530284919,652909.560898828,42177991955.33835,41863467880.67531,42483054982.27635,39163274078.05192,42014885043.89337
1,-1,g_1,-8.644378832066506,1695.2006242915222,Converged,-738.5537496899356,422126.12545822834,492702.8959386117,498299.34186509997,116524.87802811328,2909396.6880018227,539967.8516961277,3249258.4750905293,2927629.071621013
2,-1,g_2,-195.5743582101979,35314.89644342363,Errorb'ABNORMAL_TERMINATION_IN_LNSRCH',-1004.1897854975005,1247111.7698481376,1376426.0392230416,1322776.6913741962,880104.1710854969,1479875.3539536647,10714607.207150225,1193850.5057203008,10454631.379982011
3,-1,g_3,4.936629638219642,17020.791765793507,Converged,-891.2504750458074,814961.0986849143,876370.1094431423,888400.3277417403,6129222.638993958,266075.98677746847,6071227.19942618,5902409.981949841,102667.38827986212
4,-1,g_4,-1796123.8542451584,4704309879227.141,Converged,1661.5228355370477,21665.6388542984,1019354.5678057445,1046923.9297001837,19861.641597123693,590956.9341704733,2026.4077613743086,583021.2604065767,579449.1807513474
5,-1,g_5,12689.689632358852,4649685058919.287,Converged,1945.6970363713644,447094.66384980537,11503.0569414349,425567.43163548457,2480.855613552419,9135.179366292166,405853.35358989815,2327.368184608385,405418.8088741921
6,-1,g_6,183185.3143156553,4629232455493.036,Converged,1833.7109389428538,230284342.97650534,235985970.64342606,12133.752627650607,212064655.46757397,2595.1324671961565,223233060.66962636,220656772.82455748,2416.155967157164
