,row,output,c_mean,c_var,status,cost,ls_dim_1,ls_dim_2,ls_dim_3,ls_dim_4,ls_dim_5,ls_dim_6,ls_dim_7,ls_dim_8
0,-1,f_1,18361.591556053285,16639536656.745186,Errorb'ABNORMAL_TERMINATION_IN_LNSRCH',-12.399249005440936,1562495.8106070203,1612053.4677248423,1354142.0127772132,639414657073.8696,599847701395.0048,599471039885.8513,661705107556.3585,620969345737.0912
1,-1,g_1,20.617960314382803,27.10953893637469,Converged,-221.24822804727484,105803.25758696844,114229.03636636274,110361.1584469415,25361.058812103813,634315.3335036186,28597.36148192258,604480.3702243832,578228.7827983245
2,-1,g_2,-54.7782644813474,121.43096009476952,Converged,-171.14922127183797,153529.79675252002,158853.07062450473,157663.28557130852,31114.680174939094,77699.11629161876,1175381.7618961954,34920.09923319261,1092314.9284507772
3,-1,g_3,-36.63154201448933,4805.0069242166865,Converged,-131.542384755498,267381.95712944726,329258.9323454462,304072.5675472757,1579338.2549618378,33879.35668992461,1692529.6262178216,1583209.6275358459,156365.6906858959
4,-1,g_4,-1840547.4803571117,4885477338814.866,Converged,936.7622680153379,17932.52404748026,1073137.9152380154,1124966.0945170107,14305.955713780599,845786.1568073196,1543.730732139842,835708.382288985,799934.1731476926
5,-1,g_5,800828.4374966038,4045882568821.6123,Converged,1061.8784890132215,3188841682.085963,10018.196099667502,2819279460.4959,1704.3973174722166,6544.247898637603,2984882038.290402,1667.0579264888129,2947587299.245262
6,-1,g_6,-50616.481112006724,3863449701247.1553,Converged,1029.8344068868882,22060739.07970788,23836829.898617536,10179.73361282343,24764611.437748812,1842.8588088378247,27024690.595198072,23733530.03477284,1602.4656114665593
