,row,output,c_mean,c_var,status,cost,ls_dim_1,ls_dim_2,ls_dim_3,ls_dim_4,ls_dim_5,ls_dim_6,ls_dim_7,ls_dim_8
0,-1,f_1,16414.85911155813,24567885.054589603,Converged,181.83294808119305,20853.708538863168,22607.54834948533,22285.66493068996,415494.2478211753,351186.4411473237,376566.9727911372,378605.2433777806,306249.1543902634
1,-1,g_1,1.5313186632410267,0.5933053935082526,Converged,16.565324335835292,8438.547855941773,7572.403501178278,7607.634801903786,774.8475007387791,2300.704887237858,609.2894115588297,2729.2461804629183,2747.545983177559
2,-1,g_2,19.022621623854235,692.5493433120988,Converged,-13.952298201365409,231964.66881682602,252240.41630938285,331993.85202600824,71781.24752608339,31387.345222402313,866855.8556822549,63698.8261952384,864683.1812567828
3,-1,g_3,-8.79309725186363,28.904833060792832,Converged,33.69570542777321,24253.490999138477,22611.07509680693,23320.480470841867,76787.70938067639,2655.461309529668,81548.48121302093,77549.16832197912,1719.4540609434869
4,-1,g_4,-1590682.9651112298,4369335596189.2505,Converged,339.5065525612946,10419.203877532564,5416480.915029508,5140598.361603707,6158.898177856913,4115530.720645806,982.6803696706723,4099699.666750957,4087648.362048413
5,-1,g_5,-54041.87908182919,4621471909332.345,Converged,359.36690464593505,32500.832650234664,7006.52160116146,29873.241768893127,904.9004294472389,3603.8618938821523,14467.811690283137,941.4439660774153,18299.103098518855
6,-1,g_6,117066.19617794007,7447367435054.258,Converged,358.62919925338366,4550712.406041932,5084073.342733063,8218.581006093646,7066360.743916645,1397.4116427998736,6326983.193623796,6059591.594843013,1033.3583287014592
