,row,output,c_mean,c_var,status,cost,ls_dim_1,ls_dim_2,ls_dim_3,ls_dim_4,ls_dim_5,ls_dim_6,ls_dim_7,ls_dim_8
0,-1,g_4,-7.509119827249462,104.8078954508288,Converged,142.80378910210268,8065.065374990077,7348.842709514418,7389.910969695988,890.5542652503798,968.8595009402594,158.42131989125255,685.5042131638296,1251.5099572606034
1,-1,g_5,1.477711073002367,167.37249510899107,Converged,145.5747670389464,8122.800418437164,7348.668677928051,7379.205653947273,685.8786475718005,857.2346451665666,787.8704276743264,247.22762133784073,866.1757179326728
2,-1,g_6,1.3203113621279947,170.47212700704335,Converged,130.98795594751678,15570738.350139976,4396442.376730584,5105.063398394003,51689707.697966665,875.4012971249937,80954962.57109675,60980512.961196996,152.43153230894714
