,row,output,c_mean,c_var,status,cost,ls_dim_1,ls_dim_2,ls_dim_3,ls_dim_4,ls_dim_5,ls_dim_6,ls_dim_7,ls_dim_8
0,-1,g_4,-7.267777931027207,121.77075612379532,Converged,493.1507276726984,2116.7949753392786,17350.994431198105,9004.974685452878,975.9437865792664,3011.9514660016443,193.88539498799736,7008.988964798742,14112.656880960152
1,-1,g_5,0.22016852739531403,184.9433889385219,Converged,521.884307622161,6347639.315664305,6040.837361658217,22560.098134384156,226.5427382247764,873.1411647440012,15373762.033578746,217.5300171340593,8395177.977178006
2,-1,g_6,6.16290317733744,190.40522342483763,Converged,544.4926809613039,8100.315175368543,7365.129880844772,7325.527515842444,955.1976703596695,542.5256603805528,997.2968523012138,941.5600500651091,170.48001111431685
