,row,output,c_mean,c_var,status,cost,ls_dim_1,ls_dim_2,ls_dim_3,ls_dim_4,ls_dim_5,ls_dim_6,ls_dim_7,ls_dim_8
0,-1,g_4,-1590682.9651108303,4369335596189.2505,Converged,339.50655256129215,10419.203877660764,5416480.915551022,5140598.3620987795,6158.898178083314,4115530.72104354,982.6803696734702,4099699.667147063,4087648.362442868
1,-1,g_5,-54041.87908182919,4621471909332.345,Converged,359.36690464593767,32500.83265022703,7006.521601160025,29873.241768887092,904.9004294471515,3603.861893885593,14467.811690276696,941.4439660773326,18299.10309851246
2,-1,g_6,117066.19617793837,7447367435054.258,Converged,358.6291992533843,4550712.404992722,5084073.341560546,8218.581006090577,7066360.742285647,1397.4116428009083,6326983.192163521,6059591.593444385,1033.3583287010665
