,row,output,c_mean,c_var,status,cost,ls_dim_1,ls_dim_2,ls_dim_3,ls_dim_4,ls_dim_5,ls_dim_6,ls_dim_7,ls_dim_8
0,-1,g_4,-81295924.51341452,8982868039793564.0,Converged,458.22857930358106,6759.6541574562925,1115037.2896161138,995295.3502274668,1415.9885627979256,733772.9518753722,259.0198930124816,1118035.1799684868,1354631.098180637
1,-1,g_5,10086000.409734353,1.6464264935514326e+16,Converged,460.6315982856805,30611.40765897822,10465.168218740142,25831.290918090257,652.5965746259625,30135.473091343643,41374.30346605437,461.2416271832604,43217.348499377644
2,-1,g_6,5216649.500788953,1.6732301870985992e+16,Converged,458.1636930536017,46287.33401755594,51626.211023665695,8447.319498636545,24361.14589341705,718.135677412793,24220.18292579988,25128.173490204113,615.4840314945066
