,row,output,c_mean,c_var,status,cost,ls_dim_1,ls_dim_2,ls_dim_3,ls_dim_4,ls_dim_5,ls_dim_6,ls_dim_7,ls_dim_8
0,-1,g_4,-87917258.07211177,9564595737219246.0,Converged,2821.229331370379,4502.006837867629,114172.61958131325,80984.9555517905,1632.5536305357903,40201.586473424,365.02782011811416,48808.720459212935,66712.08855676421
1,-1,g_5,-520614.43399866455,1.4391316405896758e+16,Converged,2929.458604613682,224980.31953007748,9395.330263629914,251620.81932579097,443.32664877590315,1657.315924879305,210940.65361254866,401.6114511882297,226539.74918624613
2,-1,g_6,8378363.918556085,1.4123316023186778e+16,Converged,2877.918518638241,212107.31433281954,226546.60432436218,8131.018898173446,416363.0040489008,494.1503915490716,454579.32659354777,403712.3934318519,342.7919125242161
