,row,output,c_mean,c_var,status,cost,ls_dim_1,ls_dim_2,ls_dim_3,ls_dim_4,ls_dim_5,ls_dim_6,ls_dim_7,ls_dim_8
0,-1,g_4,-92284238.38669845,6776142031990130.0,Converged,742.7545113234412,5569.448142280625,2110666.2373983497,2334509.841617586,1366.2579875865117,2250923.7069079224,314.9193716000965,773427.2310827443,2086096.717310056
1,-1,g_5,-13865186.968815174,1.5927935847352148e+16,Converged,757.75239694083,22737.176607405094,18873.077164268456,26640.53091717817,867.7016266471682,20239.763403373167,23765.901741211503,297.3010924698173,24835.00882363864
2,-1,g_6,12214935.662775155,1.4766536429691012e+16,Converged,745.3030329723221,3565165.5378282066,3688393.784255389,5345.2971565528505,4326345.876164086,1043.0712526935633,4386600.9947222425,4524960.296473381,567.0959056647397
