,row,output,c_mean,c_var,status,cost,ls_dim_1,ls_dim_2,ls_dim_3,ls_dim_4,ls_dim_5,ls_dim_6,ls_dim_7,ls_dim_8
0,-1,g_4,-6.9924337811049995,277.183554549671,Converged,239.08814896364453,3995.664882422843,23874162.427882172,21140108.17827349,834.0899477179273,42977140.46671785,261.9803010029646,27081512.5858197,20750095.38414514
1,-1,g_5,0.2880598598431332,198.49334426887552,Converged,275.81721402106086,2942065.302658704,6634.528229375332,9927.61824174134,298.14175321368197,989.799515149575,4053225.8500393345,265.56259923610986,3351061.4761750563
2,-1,g_6,-7.416220363417919,217.8769219124358,Converged,283.0410038538464,8104.8368426081515,7381.8563025651165,7351.5812292226465,845.4192643379032,565.4156305592247,826.7832382351997,910.3924652087945,304.45119785184096
