,row,output,c_mean,c_var,status,cost,ls_dim_1,ls_dim_2,ls_dim_3,ls_dim_4,ls_dim_5,ls_dim_6,ls_dim_7,ls_dim_8
0,-1,g_4,-91957254.23701636,8829662352863914.0,Converged,1464.6683759130995,4610.4628691257185,16794.73988012061,15312.760123698896,3457.367120927302,15051.676340745278,508.0770355705134,13362.285079438376,13165.826490466288
1,-1,g_5,10670805.152156882,1.3580309607478732e+16,Converged,1493.8751701956105,2108008.8594782213,10069.025828962864,41822.453028621116,471.47915038750494,1879.9516351603331,1518819.9651541624,436.3756501957335,1675401.3894814488
2,-1,g_6,-6884007.76674122,1.3490969625026962e+16,Converged,1463.684383584778,135120.04167859192,148781.84538904473,9704.644066713563,361086.505528884,619.7111030076911,363991.8930719989,349514.38523697306,385.2937517261104
