,row,output,c_mean,c_var,status,cost,ls_dim_1,ls_dim_2,ls_dim_3,ls_dim_4
0,-1,f_1,103.08741313911199,45335.83320534297,Converged,55.146426918600525,8.741617658025083,13.684933870058117,132.4120236703326,91.49657233959769
1,-1,f_2,0.6727306069794138,1.0482768591536618,Converged,0.04452447990822073,109983.29427368686,164317.13453405825,4.725637093506063,8.387116376230733
2,-1,g_1,13590.29569937733,182.8728610992139,Converged,43.789604940417,6.220500635539347,364.84755103590396,6.275984498557795,0.9521283266311045
3,-1,g_2,29851.29014985003,21478.164541706596,Converged,70.45104638376512,761.6730462564755,768.3373325644436,2.9185743501743295,3.30733479462691
4,-1,g_3,-53.433212268568056,231739.02670610847,Converged,-45.94199203937404,2411.1947140883126,1414377.877194576,1664047.0676512846,1877.876320006409
5,-1,g_4,7893652.23741191,72574491315797.11,Converged,199.36987549821214,1842.3506595074134,1632.5783318374858,10.166999114665915,1.814474186014392
