,row,output,c_mean,c_var,status,cost,ls_dim_1,ls_dim_2,ls_dim_3,ls_dim_4
0,-1,f_1,414.47153559856355,2531413.6581380293,Converged,122.72858982735319,23.33128661802119,81.4310051290681,198.5755513592122,78.23854685607255
1,-1,f_2,146.70340623426372,75758.08189273803,Converged,201.6906986402098,3.5785279977991618,11.627267318893287,11.209006265642255,98363.07449223522
2,-1,g_1,13582.655592149174,491.5471938662359,Converged,152.61445885238953,2.674512129786791,7.000053703092,1450.4599969666015,0.9771520873543875
3,-1,g_2,28355.904941998077,5325519.303399406,Converged,347.3761127890234,4.3066256106257965,5.232195434740237,1.6904505690455542,151534.32273248018
4,-1,g_3,-161.4695835719226,6219.701980468475,Converged,-280.0182371756532,759.9505828262159,33711.35012841177,37565.204741978385,714.5671069155679
5,-1,g_4,8281160.967290346,129330113917244.42,Converged,598.2873263958501,722674.8609493584,860351.9198736483,11.486185915322919,3.20186592123455
