,row,output,c_mean,c_var,status,cost,ls_dim_1,ls_dim_2,ls_dim_3,ls_dim_4
0,-1,f_1,85.63022343703668,19443.477862391406,Converged,82.08921393667374,5.318588369931343,15.658495419015283,89.55558735035514,47.39255749948791
1,-1,f_2,1.6587902668486734,42.07395251414503,Converged,65.11659681201847,0.7007925476687262,8053.919593434336,4680.287459065523,0.28233962911009236
2,-1,g_1,13584.915336269698,908.392227229485,Converged,88.60155625948488,3222.049991906255,3.553819897147752,7887.226249045438,0.8199874962041058
3,-1,g_2,29863.938325536838,175349.44306984957,Converged,148.6403721567813,0.6133322025784733,6219569.206756171,3517098.9570527887,0.26559389691062585
4,-1,g_3,-32.40884232088983,47531.04156910332,Errorb'ABNORMAL_TERMINATION_IN_LNSRCH',-109.24973765362009,1586.0253893085537,296566.89428643073,331747.3459777017,1452.3283459601223
5,-1,g_4,9048567.420908589,169485886777822.56,Converged,325.67218267062367,7655.374377103392,10342.849939133854,11.28164341837309,2.750247504579914
