,row,output,c_mean,c_var,status,cost,ls_dim_1,ls_dim_2,ls_dim_3,ls_dim_4
0,-1,f_1,977.0701344424917,124251802.27240855,Errorb'ABNORMAL_TERMINATION_IN_LNSRCH',138.70385179448482,61.826431440131174,207.57413489011873,473.2631871985944,253.28316226695296
1,-1,f_2,42.65330277155118,4025.8849120009645,Converged,291.64640739642704,5.113203118401512,18056.515333511765,7.63418756746701,1.9204209012134659
2,-1,g_1,13582.852886303564,412.15186677005835,Converged,286.7026751160199,1.4300300121103566,3.7443123014848743,434.66442955731657,1.6571748333276852
3,-1,g_2,29573.948332423013,571726.0005932213,Converged,589.7386333485061,4.399809779012994,5399.027986346067,0.469528195359572,25.544502282190674
4,-1,g_3,33.11260367580855,1296.498413989102,Errorb'ABNORMAL_TERMINATION_IN_LNSRCH',-667.2951807248392,466.17672281257967,15262.578366057945,16787.94087711996,437.2700422125788
5,-1,g_4,8016027.65039069,115807742202326.34,Converged,1100.7334164222038,187281.57439620385,246547.8865149291,13.444185781481547,3.4950028777381945
